ABAD,"[5, 15]"
ABADESA,"[5, 15]"
ABALEADOR,[15]
ABANIQUERO,[15]
ABARQUERO,"[19, 15]"
ABASTECEDOR,[15]
ABEJERO,[15]
ABLANDADOR,[15]
ABOGADO,"[12, 13, 14, 15, 16, 18, 20]"
ABRECOCHES,[15]
ABREVADOR,[15]
ABRIDOR,"[14, 15]"
ABRILLANTADOR,[15]
ACABADOR,"[14, 15]"
ACADEMICO,"[18, 12, 13, 15]"
ACARREADOR,[15]
ACCIONADOR,[15]
ACCIONARIO,[15]
ACECINADOR,[15]
ACEGUERO,[15]
ACEITADOR,[15]
ACEITERO,"[14, 15]"
ACEITUNERO,[15]
ACEMILERO,[15]
ACENERO,"[19, 15]"
ACEQUIERO,[15]
ACERADOR,[19]
ACERISTA,[15]
ACETIFICADOR,[15]
ACIDIFICADOR,"[14, 15]"
ACLARADOR,[15]
ACOLCHADOR,[14]
ACOLITO,[15]
ACOMODADOR,[15]
ACOMPANANTE,[15]
ACOMPANYANT,[17]
ACONDICIONADOR,"[14, 15]"
ACORDEONISTA,[15]
ACORDOBANADOR,[15]
ACOYUNTERO,[15]
ACREEDOR,[15]
ACRIBADOR,[15]
ACROBATA,[15]
ACTINOLOGO,[15]
ACTOR,"[12, 14, 15, 16, 17, 20]"
ACTRIZ,"[20, 15]"
ACTUARI,[17]
ACTUARIO,"[16, 14, 15]"
ACUAFORTISTA,[15]
ACUARELISTA,"[14, 15]"
ACUARIOLOGO,[15]
ACUCHILLADIZO,[15]
ACUCHILLADOR,[15]
ACUICULTOR,[15]
ACUNADOR,[15]
ACUPUNTOR,[15]
ACUPUNTURISTA,"[16, 14, 15]"
ACUSADOR,[15]
ADALID,[15]
ADAMASCADOR,[15]
ADAPTADOR,[15]
ADARGUERO,[15]
ADEMADOR,[14]
ADIESTRADOR,"[16, 15]"
ADIVINADOR,[16]
ADIVINO,[15]
ADJUNTO,"[18, 13, 15]"
ADJUTOR,[15]
ADMINISTRADOR,"[12, 13, 14, 15, 16, 17, 18, 20]"
ADMINISTRADOR APOSTOLICO,[5]
ADMINISTRADOR DE REDES INFORMATICAS,[12]
ADMINISTRADOR DIOCESANO,[5]
ADMINISTRATIVISTA,[15]
ADMINISTRATIVO,"[12, 13, 15, 18, 20]"
ADMONITOR,[15]
ADOBADOR,[15]
ADOBER,[17]
ADOBERO,[19]
ADOQUINADOR,"[14, 15]"
ADORNADOR,[15]
ADORNISTA,"[14, 15]"
ADUANERO,"[14, 15]"
ADVOCAT,[17]
AEROGRAFO,[15]
AEROMANTICO,[15]
AEROMOZO,[15]
AERONAUTA,[15]
AEROTECNICO,[15]
AFILADOR,"[1, 14, 15, 16, 19]"
AFINADOR,"[16, 17, 14, 15]"
AFOLLADOR,[15]
AFORADOR,[15]
AFRICANISTA,[15]
AGAMUZADOR,[15]
AGARRAFADOR,[15]
AGAVILLADOR,[15]
AGENT,[17]
AGENTE,"[16, 20, 14, 15]"
AGENTE DE VIAJES,[12]
AGIOTISTA,[15]
AGRAMADOR,[15]
AGREGADO,"[14, 15]"
AGRICOLA,[12]
AGRICULTOR,"[1, 14, 15]"
AGRIMENSOR,"[14, 15]"
AGROLOGO,"[14, 15]"
AGRONOMO,"[12, 13, 14, 15, 18, 20]"
AGROSTOLOGO,[15]
AGUADOR,"[11, 19, 15]"
AGUAFUERTISTA,[15]
AGUARDENTERO,[15]
AGUJETERO,[15]
AGUJONERO,[15]
AGUZADOR,"[14, 15]"
AHECHADOR,[15]
AHIJADOR,[15]
AHUMADOR,[15]
AHUYENTADOR,[15]
AISLADOR,"[14, 15]"
AJERO,[15]
AJORRADOR,[19]
AJUDANT,[17]
AJUSTADOR,"[16, 17, 14, 15]"
ALABARDERO,[15]
ALADRERO,"[19, 15]"
ALAMBIQUERO,[19]
ALARIFE,"[1, 19]"
ALBACEA,[15]
ALBANALERO,[15]
ALBANIL,"[16, 1, 14, 15]"
ALBARANERO,[15]
ALBARDERO,"[19, 15]"
ALBERGUERO,[15]
ALBERQUERO,[15]
ALCAIDE,[15]
ALCALDE,[15]
ALCALDESA,[15]
ALCANTARILLERO,[15]
ALCARRACERO,[15]
ALCORNOQUERO,[15]
ALERGISTA,"[18, 12, 13, 15]"
ALERGOLOGO,"[18, 12, 13, 15]"
ALERO,[11]
ALFARERO,"[1, 11, 15, 16, 19]"
ALFARRAZADOR,[15]
ALFEREZ,"[2, 15]"
ALFEREZ ALUMNO,[2]
ALFEREZ DE FRAGATA,[2]
ALFEREZ DE NAVIO,[2]
ALFOMBRERO,"[19, 15]"
ALFOMBRISTA,[15]
ALFORJERO,[15]
ALGEBRISTA,[15]
ALGODONERO,"[19, 15]"
ALGOLOGO,[15]
ALGUACIL,"[11, 19, 15]"
ALGUACILILLO,[15]
ALGUERO,[15]
ALGUEROS,[1]
ALICATADOR,[15]
ALIENISTA,[15]
ALIJADOR,[15]
ALIMANERO,"[19, 15]"
ALIMENTADOR,"[14, 15]"
ALINEADOR,[14]
ALISADOR,[15]
ALISTADOR,[15]
ALJERIFERO,[15]
ALJIBERO,[15]
ALMACENADOR,[14]
ALMACENERO,"[18, 12, 13, 15]"
ALMACENISTA,"[12, 13, 14, 15, 18]"
ALMADIERO,"[14, 15]"
ALMADRABERO,[15]
ALMADRENERO,[15]
ALMANAQUERO,[15]
ALMAZARERO,[15]
ALMIDONADOR,[14]
ALMIDONERO,[15]
ALMIRANTE,"[2, 15]"
ALMIRANTE GENERAL,[2]
ALMOHADILLERO,[15]
ALMONEDERO,[15]
ALMONEDISTA,[15]
ALPARGATERO,[15]
ALPINISTA,[15]
ALQUILADOR,[15]
ALQUIMISTA,[15]
ALZADOR,[15]
AMA,[19]
AMA DE CRIA,[19]
AMA DE LLAVES,[14]
AMAESTRADOR,[15]
AMANTERO,[15]
AMANUENSE,[15]
AMARADOR,[15]
AMARRADOR,[15]
AMASADOR,"[14, 15]"
AMAZONA,[15]
AMBIENTADOR,[15]
AMBIENTOLOGO,[15]
AMELGADOR,[15]
AMERICANISTA,[15]
AMOLADOR,"[19, 15]"
AMORTAJADOR,[15]
AMPELOGRAFO,[15]
AMPLIADOR,[15]
ANALISTA,"[14, 15, 16, 17, 20]"
ANALIZADOR,[15]
ANATOMISTA,"[12, 13, 14, 15, 18]"
ANCIANO,[3]
ANDAMISTA,[15]
ANDROLOGO,[15]
ANEMOGRAFO,[15]
ANESTESIOLOGO,"[12, 13, 14, 15, 18]"
ANESTESISTA,"[12, 13, 14, 15, 18]"
ANFITRION,[14]
ANGIOLOGO,[15]
ANGLISTA,[15]
ANGUILERO,[15]
ANGULERO,"[11, 15]"
ANILLADOR,[15]
ANIMADOR,"[14, 15, 16, 17, 20]"
ANIMALERO,[15]
ANIMALISTA,[15]
ANODIZADOR,[14]
ANOTADOR,[15]
ANSARERO,[15]
ANTEOJERO,[15]
ANTICUARIO,[15]
ANTOBIOLOGO,[15]
ANTOLOGISTA,"[18, 12, 13, 15]"
ANTOLOGO,[15]
ANTROPOGEOGRAFO,[15]
ANTROPOLEG,[17]
ANTROPOLOGO,"[12, 13, 14, 15, 16, 18, 20]"
ANTROPOMETRA,[15]
ANTROPOSOFO,[15]
ANUDADOR,[15]
ANUNCIADOR,[14]
APARADORISTA,[15]
APARAPITA,[1]
APARCACOCHES,[15]
APARCERO,[15]
APAREJADOR,"[14, 15]"
APERADOR,"[19, 15]"
APICULTOR,"[11, 15]"
APILADOR,"[14, 15]"
APISONADOR,[15]
APLICADOR,"[17, 15]"
APODERADO,[15]
APOMAZADOR,[15]
APOSENTADOR,[15]
APRENDIZ,[15]
APRESTADOR,[15]
APUNTADOR,[15]
APUNTALADOR,"[14, 15]"
ARABISTA,"[18, 12, 13, 15]"
ARACNOLOGO,[15]
ARADOR,[15]
ARBITRAJISTA,[15]
ARBITRE,[17]
ARBITRO,"[16, 12, 15]"
ARBORICULTOR,[15]
ARCHIDIACONO,"[3, 4]"
ARCHIDUQUE,[15]
ARCHIDUQUESA,[15]
ARCHIMANDRITA,[4]
ARCHIVERO,"[12, 13, 15, 18, 20]"
ARCHIVISTA,"[16, 14, 15]"
ARCIPRESTE,"[3, 4, 15]"
ARENERO,"[1, 11, 15]"
ARGENTADOR,[15]
ARGENTER,[17]
ARGENTERO,[15]
ARGUMENTISTA,[15]
ARITMETICO,[15]
ARMADOR,"[14, 15]"
ARMERO,"[1, 19, 15]"
ARMONISTA,[15]
ARMONIZADOR,[15]
AROMATERAPEUTA,[15]
AROMATIZADOR,"[14, 15]"
ARPERO,[15]
ARPISTA,[15]
ARPONERO,[15]
ARQUEOLEG,[17]
ARQUEOLOGO,"[12, 13, 14, 15, 16, 18, 20]"
ARQUERO,[15]
ARQUILLERO,[15]
ARQUIMANDRITA,[5]
ARQUITECTE,[17]
ARQUITECTO,"[12, 13, 14, 15, 16, 18, 20]"
ARREGLISTA,[15]
ARRENDADOR,[15]
ARRENDATARIO,[15]
ARRIERO,"[19, 15]"
ARRISCADOR,[15]
ARROCERO,[15]
ARROPIERO,[15]
ARRUMBADOR,"[1, 15]"
ARTEFINALISTA,[14]
ARTESAN,[17]
ARTESANO,"[16, 11, 14, 15]"
ARTICULISTA,[15]
ARTIFICE,"[11, 15]"
ARTIFICIERO,[15]
ARTIGADOR,[15]
ARTILLER,[17]
ARTILLERO,[15]
ARTISTA,"[16, 17, 14, 15]"
ARTROLOGO,[15]
ARXIVER,[17]
ARXIVISTA,[17]
ARZOBISPO,"[3, 4, 5, 15]"
ASALARIADO,[15]
ASCENSORISTA,[15]
ASEADOR,"[14, 15]"
ASEGURADOR,[15]
ASENTADOR,[15]
ASERRADOR,"[19, 14, 15]"
ASESOR,"[13, 14, 15, 16, 18, 20]"
ASISTENTE,"[13, 14, 15, 16, 18]"
ASPADOR,[15]
ASPIRANTE A OFICIAL,[2]
ASSISTENT,[17]
ASTACICULTOR,[15]
ASTILLADOR,[15]
ASTROFISICO,"[18, 13, 14, 15]"
ASTROLEG,[17]
ASTROLOGO,"[12, 13, 15, 16, 18]"
ASTRONAUTA,[15]
ASTRONOM,[17]
ASTRONOMO,"[12, 13, 14, 15, 16, 18]"
ATABALERO,[15]
ATADOR,[15]
ATAUDERO,[15]
ATLETA,"[12, 13, 15, 16, 17, 18]"
ATRECISTA,[15]
ATS,"[18, 12, 13]"
ATUNERO,[15]
AUDIOLOGO,[14]
AUDIOPROTESISTA,[15]
AUDITOR,"[14, 15]"
AUTOBUSERO,"[16, 15]"
AUTOR,"[18, 12, 13, 15]"
AUXILIAR,"[12, 13, 14, 15, 16, 17, 18, 20]"
AVALUADOR,[14]
AVIADOR,[15]
AVICULTOR,"[18, 12, 13, 15]"
AVISACOCHES,[15]
AYUDANTE,"[16, 14, 15]"
AYURVEDISTA,[16]
AZABACHERO,[15]
AZAFATA,"[12, 14]"
AZAFATO,"[16, 15]"
AZAFRANERO,[15]
AZOGADOR,[15]
AZUCARERO,[15]
AZUFRADOR,[15]
AZULEJERO,"[14, 15]"
BABUCHERO,[15]
BACALADERO,[15]
BACHILLER,[15]
BACTERIOLOGO,"[12, 13, 14, 15, 18]"
BAGACERO,[14]
BAGAJERO,[15]
BAILARIN,"[16, 20, 14, 15]"
BAJISTA,[15]
BAJONISTA,[15]
BALADISTA,[15]
BALANCERO,[15]
BALANDRISTA,[15]
BALANZARIO,[15]
BALDOSADOR,[15]
BALLARIN,[17]
BALLENERO,[15]
BALLESTERO,"[19, 15]"
BALONCESTISTA,[15]
BALONMANISTA,[15]
BALSERO,[15]
BANASTERO,[15]
BANDERILLERO,[15]
BANDONEONISTA,[15]
BANDURRISTA,[15]
BANERO,"[11, 15]"
BANISTA,"[16, 15]"
BANJO,[15]
BANQUERO,[15]
BARATILLERO,[15]
BARBERO,"[1, 11, 14, 15, 19]"
BARITONO,[15]
BARMAN,"[14, 15]"
BARNIZADOR,"[14, 15]"
BARON,[15]
BARONESA,[15]
BARQUERO,[15]
BARQUILLERO,"[19, 15]"
BARRAQUERO,[15]
BARREDOR,[15]
BARRENAADOR,[11]
BARRENADOR,[14]
BARRENDERO,"[1, 11, 12, 14, 15, 16]"
BARRENERO,"[14, 15]"
BARRERO,[19]
BARRETER,[17]
BASCULERO,[15]
BASTERO,"[11, 19]"
BASTONERO,[15]
BASURERO,[15]
BATANERO,"[19, 14, 15]"
BATELERO,[15]
BATERIA,[15]
BATERISTA,[15]
BATIDOR,[15]
BATIHOJA,"[19, 15]"
BATUTA,[15]
BAULERO,"[19, 15]"
BECERRISTA,[15]
BEDEL,"[18, 12, 13, 15]"
BEISBOLISTA,[15]
BELENISTA,[15]
BELLOTERO,[15]
BETUNERO,[15]
BIATLETA,[15]
BIBLIOGRAFO,"[12, 13, 14, 15, 18]"
BIBLIOTECARI,[17]
BIBLIOTECARIO,"[12, 13, 14, 15, 16, 18, 20]"
BIBLIOTECOLOGO,"[14, 15]"
BIBLISTA,[15]
BILLARISTA,[15]
BILLETERO,[15]
BIOCENOLOGO,[15]
BIOCLINICO,[15]
BIODOCUMENTALISTA,[15]
BIOESTADISTICO,[15]
BIOFISICO,"[12, 13, 14, 15, 18]"
BIOGEOGRAFO,[15]
BIOGRAFO,"[12, 13, 14, 15, 18]"
BIOINFORMATICO,[15]
BIOINGENIERO,[15]
BIOLEG,[17]
BIOLOGO,"[13, 14, 15, 16, 18, 20]"
BIOMEDICO,[15]
BIOMETALURGICO,[15]
BIOMETRISTA,"[14, 15]"
BIOQUIMICO,"[12, 13, 14, 15, 18]"
BIOTECNOLOGO,[15]
BISELADOR,"[14, 15]"
BISUTERO,"[14, 15]"
BIZANTINISTA,[15]
BIZCOCHERO,"[14, 15]"
BLANQUEADOR,[15]
BLANQUERO,[15]
BLASONISTA,[15]
BOBINADOR,"[14, 15]"
BODEGUERO,"[14, 15]"
BOGADOR,[15]
BOLILLERA,[19]
BOLLERO,[15]
BOLSERO,[15]
BOLSISTA,[15]
BOMBARDERO,[15]
BOMBARDINO,[15]
BOMBER,[17]
BOMBERO,"[12, 14, 15, 16, 20]"
BOMBISTA,[15]
BOMBO,[15]
BOMBONERO,[15]
BONETERO,[15]
BONZO,[15]
BOQUILLERO,[11]
BORCEGUINERO,[15]
BORDADOR,"[16, 14, 15]"
BORDADORA,[19]
BORREGUERO,[15]
BORRERO,[19]
BOTANIC,[17]
BOTANICO,"[12, 13, 14, 15, 16, 18, 20]"
BOTELLERO,[15]
BOTERO,"[11, 19, 15]"
BOTICARIO,"[19, 14, 15]"
BOTIJERO,[15]
BOTINERO,[15]
BOTONERO,[15]
BOTONES,"[14, 15]"
BOVINOCULTOR,[15]
BOXEADOR,[15]
BOYERO,[15]
BRACERO,"[19, 15]"
BREGADOR,[15]
BRIGADA,"[2, 15]"
BRIGADIER,[2]
BRIGADIER GENERAL,[2]
BRIOLOGO,[15]
BROCKER,[15]
BRODADOR,[17]
BROMATOLOGO,[15]
BRONCISTA,[15]
BRUCERO,"[16, 15]"
BRUNIDOR,"[14, 15]"
BUCEADOR,"[16, 14, 15]"
BUFADOR,[17]
BUHONERO,[15]
BUITRERO,[15]
BUJIDOR,[15]
BULBICULTOR,[15]
BULDOZERO,[14]
BUNOLERO,[15]
BURIELERO,[15]
BURRERO,[15]
BUSSO,[17]
BUTANERO,[15]
BUTIFARRERO,[15]
BUZO,"[14, 15]"
CABALLERIZO,[15]
CABALLERO ALFEREZ,[2]
CABALLERO CADETE,[2]
CABALLICERO,[14]
CABALLISTA,[11]
CABANERO,[15]
CABARETERO,[15]
CABESTRERO,[15]
CABINERA,[14]
CABLEADOR,[16]
CABO,"[2, 15]"
CABO MAYOR,[2]
CABO PRIMERO,[2]
CABRERO,[15]
CACHARRERO,[15]
CACHETERO,[15]
CACHUCHERO,[15]
CACICA,[15]
CACIQUE,[15]
CADDIE,[15]
CADENERO,"[14, 15]"
CADETE,"[2, 15]"
CAFETERO,[15]
CAFICULTOR,[15]
CAGARRACHE,[15]
CAIXER,[17]
CAJERO,"[16, 14, 15]"
CAJISTA,"[11, 15]"
CALABACERO,[15]
CALABOCERO,[15]
CALADOR,[15]
CALAFATE,[15]
CALAFATEADOR,"[11, 15]"
CALAFATERO,[19]
CALANDRADOR,[15]
CALANDRERO,[15]
CALCADOR,[15]
CALCETERO,"[19, 15]"
CALCOGRAFO,[15]
CALCULISTA,[15]
CALDERER,[17]
CALDERERO,"[16, 19, 14, 15]"
CALDERETERO,[15]
CALDERISTA,[14]
CALEFACTOR,[15]
CALENDARISTA,[15]
CALERO,"[19, 15]"
CALESERO,[15]
CALETERO,[15]
CALIBRADOR,[15]
CALIGRAFO,"[11, 15]"
CALLISTA,[15]
CALZADOR,[11]
CAMARA,"[20, 15]"
CAMARERO,"[1, 12, 14, 15, 16]"
CAMARISTA,[15]
CAMAROGRAFO,"[14, 15]"
CAMARONERO,[15]
CAMBIADOR,[15]
CAMBISTA,[15]
CAMBRER,[17]
CAMELLERO,[15]
CAMERAMAN,[15]
CAMERO,[15]
CAMILLERO,[15]
CAMINADOR,[14]
CAMINERO,"[19, 15]"
CAMIONER,[17]
CAMIONERO,"[16, 1, 15]"
CAMISERO,"[14, 15]"
CAMISETERO,[15]
CAMPANERO,"[11, 19, 15]"
CAMPANILLERO,[15]
CAMPESINO,[15]
CAMPISTA,[15]
CANALERO,[15]
CANAMONERO,[15]
CANASTERO,"[14, 15]"
CANASTILLERO,[15]
CANAVERERO,[15]
CANCERBERO,[15]
CANCEROLOGO,"[18, 12, 13, 15]"
CANCILLER,[15]
CANCIONETISTA,[15]
CANCIONISTA,[15]
CANDELERO,[15]
CANDIDATO,[15]
CANERO,[15]
CANGURO,[15]
CANILLERO,[15]
CANOERO,[15]
CANONESA,[15]
CANONIGO,"[5, 15]"
CANONISTA,[15]
CANTADOR,[15]
CANTANT,[17]
CANTANTE,"[16, 20, 14, 15]"
CANTAOR,[15]
CANTARERO,[15]
CANTATRIZ,[15]
CANTAUTOR,[15]
CANTERO,"[1, 11, 14, 15, 16, 19]"
CANTINERO,[15]
CANTOLLANISTA,[15]
CANTOR,[15]
CAP,[17]
CAPACHERO,[15]
CAPADOR,[15]
CAPATAZ,"[14, 15]"
CAPEADOR,[15]
CAPELLAN,"[3, 5, 15]"
CAPILLERO,[15]
CAPITAN,"[16, 2, 14, 15]"
CAPITAN DE CORBETA,[2]
CAPITAN DE FRAGATA,[2]
CAPITAN DE NAVIO,[2]
CAPITAN GENERAL,[2]
CAPORAL,[14]
CAPRINOCULTOR,[15]
CARABINERO,"[19, 15]"
CARACOLERO,[15]
CARACTERIZADOR,[15]
CARACTEROLOGO,[15]
CARAMELERO,[19]
CARATULERO,[15]
CARAVANERO,[15]
CARBONADOR,[15]
CARBONERO,"[11, 19, 15]"
CARBONIZADOR,[15]
CARCASERO,[15]
CARCELERO,"[14, 15]"
CARCINOLOGO,[15]
CARDADOR,"[19, 14, 15]"
CARDENAL,"[3, 15]"
CARDENAL DIACONO,[5]
CARDENAL OBISPO,[5]
CARDENAL PRESBITERO,[5]
CARDIOCIRUJANO,[15]
CARDIOLOGO,"[12, 13, 14, 15, 18]"
CARGADOR,"[11, 14, 15]"
CARICATURISTA,"[14, 15]"
CARIOLOGO,[15]
CARMENADOR,[15]
CARNICERO,"[11, 12, 14, 15, 16]"
CARPINTERO,"[11, 12, 14, 15, 16, 19, 20]"
CARPOLOGO,[15]
CARRERISTA,[15]
CARRERO,[19]
CARRETERO,"[11, 19, 15]"
CARRETILLERO,[15]
CARRICERO,[15]
CARROCERO,"[11, 15]"
CARROMATERO,[15]
CARRUAJERO,[15]
CARSTOLOGO,[15]
CARTELERO,[15]
CARTELISTA,[15]
CARTERO,"[16, 11, 12, 15]"
CARTOGRAFO,"[12, 13, 14, 15, 16, 18, 20]"
CARTOMANTE,[15]
CARTOMANTICO,[15]
CARTONERO,[15]
CARTOTECARIO,[15]
CASAMENTERO,[1]
CASERO,[15]
CASTANERO,[15]
CASTRADOR,"[18, 12, 13, 15]"
CASULLERO,[15]
CATADOR,"[16, 14, 15]"
CATALOGADOR,"[14, 15]"
CATAVINOS,[15]
CATEDRATICO,"[18, 13, 15]"
CATEQUISTA,[15]
CATOLICOS,[4]
CAUCHERO,[15]
CAUDILLO,[15]
CAUSIDICO,[15]
CAVADOR,[15]
CAVISTA,[15]
CAZACEREBROS,[15]
CAZADOR,"[1, 19, 15]"
CAZATALENTOS,[15]
CEBADERO,[15]
CEBADOR,[15]
CEBOLLERO,[15]
CEDACERO,"[19, 15]"
CELADOR,[15]
CELEBRADOR,[15]
CEMENTADOR,"[14, 15]"
CEMENTISTA,[15]
CENACHERO,[19]
CENCERRERO,[15]
CENOBITA,[15]
CENSISTA,[15]
CENSOR,[15]
CENTINELA,[15]
CENTRADOR,[15]
CEPERO,[15]
CEPILLADOR,[14]
CERAMISTA,"[16, 17, 14, 15]"
CEREALICULTOR,[15]
CEREALISTA,[15]
CERERO,"[1, 19, 15]"
CERILLERO,[19]
CERRAJERO,"[11, 19, 14, 15]"
CERVECERO,[15]
CESTERO,"[16, 11, 19, 15]"
CHACINERO,[15]
CHALAN,[14]
CHALEQUERO,[15]
CHAPADOR,[15]
CHAPISTA,"[16, 14, 15]"
CHAQUETERO,[14]
CHARCUTERO,[15]
CHAROLISTA,[15]
CHARTISTA,[15]
CHATARRERO,[15]
CHAZADOR,[15]
CHEF,"[16, 14, 15]"
CHICHARRERO,[15]
CHIRIMIA,[15]
CHOCOLATERO,"[19, 15]"
CHOFER,"[1, 19, 15]"
CHOFERESA,[15]
CHORICERO,[15]
CHUFERO,[15]
CHURRERO,[15]
CIBERNAUTA,[15]
CICERONE,[15]
CIENTIFICO,"[14, 15]"
CIGARRALERO,[15]
CIGARRERO,"[11, 19, 14, 15]"
CILINDRADOR,[15]
CILINDRERO,[15]
CILLERO,[19]
CIMBALERO,[15]
CIMBALISTA,[15]
CIMBELADOR,[11]
CIMBELERO,[11]
CINCELADOR,[15]
CINEASTA,[15]
CINEMATOGRAFO,[14]
CINESITERAPEUTA,[15]
CINTERO,[15]
CIRUJANO,"[12, 13, 14, 15, 18, 19]"
CISTELLER,[17]
CITARISTA,[15]
CITOLOGO,"[18, 12, 13, 15]"
CITOTECNICO,[15]
CIVILISTA,[15]
CLAQUETISTA,[15]
CLARIN,[15]
CLARINETE,[15]
CLARINETISTA,[15]
CLASIFICADOR,"[16, 14, 15]"
CLASSIFICADOR,[17]
CLAVADOR,[15]
CLAVECINISTA,[15]
CLAVERO,[15]
CLAVETERO,[15]
CLAVICEMBALISTA,[15]
CLAVICORDISTA,[15]
CLERIGO,[15]
CLIENTE,[15]
CLIMATOLOGO,"[12, 13, 14, 15, 18]"
CLISADOR,[15]
COADJUTOR,[15]
COAUTOR,[15]
COBRADOR,"[16, 17, 14, 15]"
COBRESOLDADOR,"[14, 15]"
COCEDOR,"[14, 15]"
COCHERO,"[14, 15]"
COCINERO,"[1, 12, 14, 15, 16, 20]"
COCTELERO,[14]
CODICOLOGO,[15]
CODIFICADOR,"[16, 17, 15]"
CODIRECTOR,"[18, 13, 15]"
COEDITOR,[15]
COFRADE,[15]
COFRERO,[15]
COGESTOR,[15]
COHETERO,[15]
COLADOR,"[14, 15]"
COLCHERO,[15]
COLCHONERO,"[16, 1, 19, 15]"
COLECCIONISTA,[15]
COLECTOR,[15]
COLEGIAL,[15]
COLMENERO,"[19, 15]"
COLOCADOR,"[16, 15]"
COLONO,[15]
COLORISTA,"[14, 15]"
COLUMNISTA,[14]
COMADRON,"[18, 12, 13, 15]"
COMANDANTE,"[2, 14, 15]"
COMBINADOR,[15]
COMEDIANTE,[15]
COMEDIOGRAFO,[15]
COMENDADOR,[15]
COMENTARISTA,"[14, 15]"
COMERCIAL,"[16, 17, 15]"
COMERCIANT,[17]
COMERCIANTE,"[16, 19, 14, 15]"
COMICO,[15]
COMISARIO,"[14, 15]"
COMISIONADO,[15]
COMISIONISTA,[15]
COMODORO,[2]
COMPAGINADOR,[15]
COMPARATISTA,[15]
COMPARSA,[15]
COMPATRONO,[15]
COMPENDISTA,[15]
COMPILADOR,"[14, 15]"
COMPONEDOR,[15]
COMPOSITOR,"[14, 15, 16, 17, 20]"
COMPRADOR,"[14, 15]"
COMPROBADOR,[15]
COMPROFESOR,[15]
COMPROMISARIO,[15]
COMPTABLE,[17]
COMPUTISTA,[15]
COMUNICADOR,"[14, 15]"
CONCEJAL,[15]
CONCERTADOR,[15]
CONCERTINO,[15]
CONCERTISTA,[15]
CONCILIADOR,[15]
CONDE,[15]
CONDESA,[15]
CONDESTABLE,[15]
CONDESTABLESA,[15]
CONDUCTOR,"[12, 14, 15, 16, 17]"
CONEJERO,[15]
CONFECCIONADOR,[15]
CONFECCIONISTA,[15]
CONFERENCIANTE,[15]
CONFITER,[17]
CONFITERO,"[16, 19, 15]"
CONGELADOR,[15]
CONGREGANTE,[15]
CONNOVICIO,[15]
CONQUILIOLOGO,[15]
CONSEJERO,"[12, 13, 14, 15, 18]"
CONSERGE,[17]
CONSERJE,"[12, 13, 14, 15, 16, 18]"
CONSERVADOR,"[12, 13, 14, 15, 16, 17, 18]"
CONSERVERO,"[19, 15]"
CONSIGNADOR,[15]
CONSIGNATARI,[17]
CONSIGNATARIO,"[16, 14, 15]"
CONSILIARIO,[15]
CONSTITUCIONALISTA,[15]
CONSTRUCTOR,"[16, 11, 14, 15]"
CONSUL,[15]
CONSULTOR,"[20, 14, 15]"
CONTABLE,"[16, 20, 12, 15]"
CONTACTOLOGO,[15]
CONTADOR,"[14, 15]"
CONTORSIONISTA,[15]
CONTRAALMIRANTE,"[2, 15]"
CONTRABAJISTA,[15]
CONTRABAJO,[15]
CONTRABAJONISTA,[15]
CONTRAFAGOT,[15]
CONTRALTO,[15]
CONTRAMAESTRE,"[14, 15]"
CONTRAPUNTISTA,[15]
CONTRARRELOJISTA,[15]
CONTRATISTA,"[14, 15]"
CONTROL,[15]
CONTROLADOR,"[16, 17, 14, 15]"
CONTUTOR,[15]
COOPERANTE,[15]
COOPERARIO,[15]
COORDINADOR,"[18, 13, 14, 15]"
COPERO,[15]
COPILOTO,"[14, 15]"
COPISTA,[15]
COPLERO,[15]
COPLISTA,[15]
COPRESIDENTE,[15]
COPRODUCTOR,[15]
COPROPIETARIO,[15]
COQUINERO,[15]
CORALERO,[15]
CORAMBRERO,[15]
CORBATERO,[15]
CORCHADOR,[15]
CORCHERO,[15]
CORDELERO,"[11, 19, 15]"
CORDOBANERO,[15]
CORDONERO,[15]
COREOGRAF,[17]
COREOGRAFO,"[16, 20, 14, 15]"
CORISTA,[15]
CORLADOR,[15]
CORNETA,[15]
CORNETIN,[15]
CORNO,[15]
COROBISPO,"[3, 4]"
COROGRAFO,[15]
CORONEL,"[2, 15]"
CORRALERO,[15]
CORRECTOR,"[16, 17, 14, 15]"
CORREDOR,"[11, 14, 15]"
CORREERO,[15]
CORREGIDOR,[15]
CORREO,[15]
CORREPETIDOR,[15]
CORRESPONSAL,"[14, 15]"
CORSARIO,[15]
CORSETERO,[15]
CORTADOR,"[16, 14, 15]"
CORTIJERO,[15]
COSARIO,"[19, 15]"
COSECHERO,[15]
COSEDOR,"[14, 15]"
COSIDOR,[17]
COSMETOLOGO,"[14, 15]"
COSMOGRADO,[12]
COSMOGRAFO,"[18, 13, 15]"
COSMOLOGO,"[18, 12, 13, 15]"
COSMONAUTA,[15]
COSTALERO,[15]
COSTURERA,"[19, 14]"
COSTURERO,"[16, 14, 15]"
COTIZADOR,[14]
CREATIVO,"[14, 15]"
CRIADO,[15]
CRIADOR,"[14, 15]"
CRIBADOR,[15]
CRIMINALISTA,"[18, 12, 13, 15]"
CRIMINOLOGO,"[20, 15]"
CRIPTOGAMISTA,[15]
CRIPTOGRAFO,[15]
CRISTALERO,"[16, 1, 14, 15]"
CRISTALOGRAFO,"[14, 15]"
CRITICO,[15]
CROMADOR,"[14, 15]"
CROMOLITOGRAFO,[15]
CRONISTA,[15]
CRONOANALISTA,[15]
CRONOGRAFO,[15]
CRONOLOGISTA,[15]
CRONOLOGO,"[18, 12, 13, 15]"
CRONOMETRADOR,"[11, 15]"
CRUPIER,[15]
CUADRATURISTA,[15]
CUADRERO,[15]
CUADRILLERO,"[14, 15]"
CUAJADERO,[15]
CUARTERO,[15]
CUBERO,"[19, 15]"
CUBICADOR,"[14, 15]"
CUCHARERO,"[19, 14, 15]"
CUCHARETERO,[15]
CUCHILLERO,"[11, 15]"
CUENTACUENTOS,[15]
CUENTISTA,[15]
CUIDADOR,"[16, 17, 15]"
CUINER,[17]
CULTIVADOR,"[14, 15]"
CUNERO,[14]
CUNICULTOR,[15]
CUPLETISTA,[15]
CURA,"[5, 15]"
CURADOR,"[14, 15]"
CURANDERO,[15]
CURRANTE,[15]
CURRITO,[15]
CURSOR,[15]
CURTIDOR,"[16, 11, 14, 15]"
CURVADOR,"[14, 15]"
DACTILOGRAFO,[15]
DACTILOSCOPISTA,"[14, 15]"
DAGUERO,[15]
DAMA,[15]
DAMA ALFEREZ,[2]
DAMA CADETE,[2]
DAMASQUINADOR,[15]
DANZADORA,[15]
DANZANTE,[15]
DANZARINA,[15]
DATERA,[15]
DECANO,"[18, 14, 15]"
DECAPADOR,[15]
DECLARANTE,[15]
DECORADOR,"[12, 13, 14, 15, 16, 18, 20]"
DEFENSOR,"[18, 13, 15]"
DEGOLLADOR,[15]
DEGUSTADOR,"[17, 15]"
DELEGADO,"[18, 13, 14]"
DELINEANT,[17]
DELINEANTE,"[12, 13, 14, 15, 16, 18, 20]"
DEMOGRAFO,"[12, 13, 14, 15, 18]"
DEMOLEDOR,[15]
DENTISTA,"[18, 12, 13, 15]"
DEPENDENT,[17]
DEPENDIENTE,"[16, 12, 14, 15]"
DEPILADOR,[15]
DEPORTISTA,"[16, 20, 15]"
DEPOSITARIO,[15]
DEPURADOR,[15]
DERMATOLOGO,"[12, 13, 14, 15, 18]"
DESARROLLADOR,[14]
DESATASCADOR,[15]
DESBARBADOR,[15]
DESBASTADOR,[15]
DESBORRADOR,[15]
DESCARGADOR,[15]
DESCARNADOR,"[14, 15]"
DESCARREGADOR,[17]
DESCASCARADOR,[15]
DESCORCHADOR,[15]
DESCORTEZADOR,[15]
DESCRUADOR,[15]
DESCUARTIZADOR,[15]
DESEMPEDRADOR,[15]
DESENTIBADOR,[15]
DESFIBRADOR,[15]
DESGOMERO,[15]
DESGRANADOR,[15]
DESGUAZADOR,[15]
DESHIDRATADOR,"[14, 15]"
DESHOJADOR,[15]
DESHOLLADOR,[15]
DESHOLLINADOR,[15]
DESHUESADOR,[15]
DESINFECTADOR,[15]
DESINSECTADOR,[15]
DESMANCHADOR,[14]
DESMOTADOR,[15]
DESMUESTRADOR,[15]
DESPACHADOR,"[14, 15]"
DESPALILLADOR,[15]
DESPAMPANADOR,[15]
DESPENSERO,[15]
DESPIEZADOR,[15]
DESPILARADOR,[15]
DESPINZADOR,[15]
DESPOJERO,[15]
DESPOSTADOR,[14]
DESRATIZADOR,[15]
DESTAJADOR,[14]
DESTAJERO,[14]
DESTAZADOR,[15]
DESTILADOR,"[14, 15]"
DESTRALERO,[15]
DESTRIPATERRONES,[15]
DESULFURADOR,[15]
DESVENADOR,[15]
DESVIRADOR,[15]
DETALLISTA,[15]
DETECTIU,[17]
DETECTIVE,"[16, 15]"
DEVANADOR,[14]
DIACONISA,[15]
DIACONO,"[4, 5, 15]"
DIAGRAMADOR,"[14, 15]"
DIALECTOLOGO,[15]
DIALOGUISTA,[15]
DIAMANTISTA,[15]
DIBUIXANT,[17]
DIBUJANTE,"[12, 13, 14, 15, 16, 18]"
DICTADOR,[15]
DIESTRO,[15]
DIETARISTA,[15]
DIETISTA,"[14, 15, 16, 17, 20]"
DIEZMERO,[15]
DIGITADOR,[14]
DIGNATARIO,[15]
DINAMITERO,"[14, 15]"
DINAMIZADOR,[15]
DIPLOMADO,[15]
DIPLOMATICO,[15]
DIPLOMATISTA,[15]
DIPUTADO,[15]
DIRECTIVO,"[18, 13, 15]"
DIRECTOR,"[13, 14, 15, 16, 17, 18, 20]"
DIRIGENTE,"[18, 13, 14, 15]"
DISCJOCKEY,[15]
DISECADOR,[15]
DISECTOR,[15]
DISENADOR,"[12, 14, 15, 16, 20]"
DISSENYADOR,[17]
DISTRIBUIDOR,[15]
DOBLADOR,"[14, 15]"
DOBLE,[15]
DOCENTE,"[14, 15]"
DOCTOR,"[18, 13, 15]"
DOCTORANDO,[15]
DOCUMENTALISTA,"[12, 13, 14, 15, 16, 17, 18, 20]"
DOLADOR,[15]
DOMADOR,"[14, 15]"
DOMESTICO,[15]
DOMICILIARIO,[15]
DOMOTICO,[15]
DONATARIO,[15]
DONCELLA,[15]
DORADOR,[15]
DORNILLERO,[15]
DOXOGRAFO,[15]
DRAGADOR,[15]
DRAMATURGISTA,[15]
DRAMATURGO,"[14, 15]"
DROGUERO,[15]
DUCTOR,[15]
DUCTRIZ,[15]
DULCERO,[15]
DULERO,[15]
DULZAINERO,[15]
DUQUE,[15]
DUQUESA,[15]
EBANISTA,"[16, 14, 15]"
EBENISTA,[17]
ECHADOR,[15]
ECLESIASTICO,[5]
ECOGRAFISTA,[15]
ECOLOGO,"[12, 13, 14, 15, 18]"
ECONOMETRA,[15]
ECONOMETRISTA,"[14, 15]"
ECONOMISTA,"[12, 13, 14, 15, 16, 17, 18, 20]"
ECONOMO,"[14, 15]"
ECUESTRE,[15]
EDAFOLOGO,"[14, 15]"
EDIFICADOR,[15]
EDIL,[15]
EDITOR,"[14, 15]"
EDITORIALISTA,"[14, 15]"
EDUCADOR,"[12, 13, 15, 18, 20]"
EGIPTOLOGO,"[18, 12, 13, 15]"
EJECUTANTE,[15]
EJECUTIVO,"[14, 15]"
ELABORADOR,[15]
ELECTRICISTA,"[1, 12, 14, 15, 16, 17, 20]"
ELECTRICO,[15]
ELECTROMECANICO,"[14, 15]"
ELECTRONICISTA,"[14, 15]"
ELECTRONICO,"[14, 15]"
ELECTROPLATEADOR,[14]
ELECTROQUIMICO,[14]
ELECTROTECNICO,[15]
ELECTROTERAPEUTA,[15]
ELECTROTIPISTA,[15]
ELEOTECNICO,[15]
EMBAJADOR,[15]
EMBALADOR,"[16, 15]"
EMBALDOSADOR,[14]
EMBALDOSINADOR,[14]
EMBALLENADOR,[15]
EMBALSADOR,[15]
EMBALSAMADOR,"[16, 15]"
EMBARCADOR,[15]
EMBARGADOR,[15]
EMBARRILADOR,[15]
EMBAZADOR,[15]
EMBESTIDOR,[15]
EMBOLADOR,[15]
EMBORRADOR,[15]
EMBOTADOR,[15]
EMBOTELLADOR,"[16, 15]"
EMBRIOLOGO,"[14, 15]"
EMBUCHADOR,[15]
EMBUTIDOR,"[14, 15]"
EMERITO,[15]
EMISARIO,[15]
EMMOTLLADOR,[17]
EMPACADOR,"[11, 14, 15]"
EMPADRONADOR,[15]
EMPALMADOR,"[14, 15]"
EMPAPELADOR,"[16, 14, 15]"
EMPAPERADOR,[17]
EMPAQUETADOR,[15]
EMPASTADOR,[15]
EMPEDRADOR,[15]
EMPERADOR,[15]
EMPERADORA,[15]
EMPERATRIZ,[15]
EMPLAFONADOR,[15]
EMPLEADO,"[14, 15]"
EMPLEADOR,[15]
EMPLEAT,[17]
EMPLEITERO,[15]
EMPLOMADOR,[15]
EMPRESARIO,[15]
EMPRETINADOR,[14]
EMPUJADOR,[15]
ENCAJERO,[15]
ENCALADOR,"[19, 15]"
ENCANADOR,[15]
ENCANTADOR,[15]
ENCARGADO,"[14, 15]"
ENCARREGAT,[17]
ENCARTONADOR,[15]
ENCARTUCHADOR,[15]
ENCEPADOR,[15]
ENCERADOR,[15]
ENCHAPADOR,[14]
ENCICLOPEDISTA,[15]
ENCOFRADOR,"[16, 17, 14, 15]"
ENCOLADOR,"[14, 15]"
ENCOMENDERO,[15]
ENCORCHADOR,[15]
ENCORDADOR,[15]
ENCUADERNADOR,"[16, 11, 14, 15]"
ENCUADRADOR,[15]
ENCUELLADOR,[14]
ENCUESTADOR,"[16, 12, 14, 15]"
ENDEREZADOR,[15]
ENDEVIN,[17]
ENDOCRINOLOGO,"[12, 13, 14, 15, 18]"
ENDODONCISTA,"[14, 15]"
ENFARDADOR,[15]
ENFERMERA,[14]
ENFERMERO,"[12, 13, 15, 16, 18, 20]"
ENFOSCADOR,"[14, 15]"
ENFRANQUIDOR,[15]
ENFRIADOR,[15]
ENGALZADOR,[17]
ENGANCHADOR,[15]
ENGARZADOR,[15]
ENGASTADOR,"[14, 15]"
ENGINYER,[17]
ENGOMADOR,[15]
ENGRASADOR,[15]
ENHORNADOR,[15]
ENIGMISTA,[15]
ENJALBEGADOR,[15]
ENJALMERO,[15]
ENJOYELADOR,[15]
ENLADRILLADOR,[15]
ENLATADOR,[15]
ENLOSADOR,[15]
ENLUCIDOR,"[14, 15]"
ENLUSTRADOR,[15]
ENMANGADOR,[15]
ENMARCADOR,[11]
ENMOQUETADOR,[15]
ENOLEG,[17]
ENOLOGO,"[12, 13, 15, 16, 18]"
ENRAJOLADOR,[17]
ENSACADOR,[15]
ENSAMBLADOR,"[16, 14, 15]"
ENSAYADOR,[15]
ENSAYISTA,[15]
ENSENANTE,[15]
ENTABLADOR,[15]
ENTALLADOR,[15]
ENTARIMADOR,[15]
ENTARUGADOR,[15]
ENTERRADOR,[15]
ENTIBADOR,"[14, 15]"
ENTOLADOR,[15]
ENTOLDADOR,[15]
ENTOMOLOGO,"[12, 13, 14, 15, 18]"
ENTONADOR,[15]
ENTRADOR,[15]
ENTRENADOR,"[16, 17, 14, 15]"
ENTREVISTADOR,[15]
ENVASADOR,[15]
ENVIADO,[15]
ENVITOLADOR,[15]
ENYESADOR,[15]
ENZIMOLOGO,[15]
EPARQUIA,[3]
EPIDEMIOLOGO,"[12, 13, 14, 15, 18]"
EPIGRAFISTA,[15]
EPIGRAMATISTA,[15]
EPIGRAMISTA,[15]
EPILOGISTA,[15]
EPISCOPI VAGANTES,[3]
EPITOMADOR,[15]
EQUILIBRISTA,[15]
EREMITA,"[5, 15]"
ERGONOMISTA,"[14, 15]"
ERGONOMO,[15]
ERGOTERAPEUTA,"[14, 15]"
ERMITANO,[15]
ERMITANOS,[5]
ERTZAINA,[15]
ESBIRRO,[15]
ESCAFANDRISTA,[15]
ESCALADOR,"[14, 15]"
ESCALDADOR,[15]
ESCANCIADOR,[15]
ESCANCIANO,[15]
ESCANISTA,[15]
ESCAPARATISTA,[15]
ESCARADOR,[15]
ESCARCHADOR,[15]
ESCARMENADOR,[15]
ESCARNADOR,[15]
ESCARZADOR,[15]
ESCAYOLISTA,"[16, 14, 15]"
ESCENOGRAFO,"[20, 14, 15]"
ESCOBERO,[15]
ESCOGEDOR,[15]
ESCOLTA,[15]
ESCOMBRADOR,[17]
ESCORIADOR,[15]
ESCRIBANO,"[19, 15]"
ESCRIBIDOR,[15]
ESCRIBIENTE,"[14, 15]"
ESCRIPT,[15]
ESCRIPTOR,[17]
ESCRITOR,"[1, 14, 15, 16, 20]"
ESCRUTADOR,[15]
ESCUADRADOR,[15]
ESCUDERO,[15]
ESCULTISTA,[15]
ESCULTOR,"[11, 20, 14, 15]"
ESENCIERO,[19]
ESGRAFIADOR,[15]
ESGRIMADOR,[15]
ESGRIMISTA,[15]
ESLAVISTA,[15]
ESMALTADO,[14]
ESMALTADOR,[15]
ESMERADOR,[15]
ESMERILADOR,[15]
ESMOLET,[17]
ESPADA,[15]
ESPADADOR,[15]
ESPADERO,"[11, 19, 15]"
ESPADISTA,[15]
ESPALDISTA,[15]
ESPARRAGADOR,[15]
ESPARRAGUERO,[15]
ESPARTERO,"[11, 19, 15]"
ESPECIALISTA,"[2, 12, 13, 14, 15, 16, 17, 18]"
ESPECIERO,"[19, 15]"
ESPECULADOR,[19]
ESPEJERO,[15]
ESPELEOLOGO,"[18, 12, 13, 15]"
ESPIA,[15]
ESPIGADOR,[15]
ESPINGARDERO,[15]
ESPORTILLERO,[15]
ESPORTISTA,[17]
ESQUELETERO,[14]
ESQUIADOR,[15]
ESQUILADOR,"[19, 14, 15]"
ESQUINADOR,[15]
ESTABLERIZO,[15]
ESTABLERO,[15]
ESTABULADOR,[15]
ESTADIGRAFO,[14]
ESTADISTA,"[18, 12, 13, 15]"
ESTADISTIC,[17]
ESTADISTICO,"[12, 13, 14, 15, 16, 18, 20]"
ESTAFETERO,[15]
ESTAMPADOR,"[14, 15]"
ESTAMPERO,[15]
ESTANADOR,[15]
ESTANCIERO,[15]
ESTANERO,[15]
ESTANQUERO,"[19, 15]"
ESTASIOLOGO,[15]
ESTATUARIO,[15]
ESTENO DACTILOGRAFO,[15]
ESTENOGRAFO,[15]
ESTENOTIPISTA,[15]
ESTEPERO,[15]
ESTERCOLADOR,[15]
ESTERCOLERO,[15]
ESTEREOGRAFO,[15]
ESTEREOTIPADOR,[15]
ESTEREOTIPISTA,[15]
ESTERERO,"[19, 15]"
ESTESIOLOGO,[15]
ESTETA,[15]
ESTETICIEN,"[16, 15]"
ESTETICISTA,"[20, 14, 15]"
ESTIBADOR,"[11, 14, 15]"
ESTILISTA,"[20, 12, 14, 15]"
ESTIPENDIARIO,[15]
ESTIRADOR,[15]
ESTOCASTICO,[15]
ESTOFADOR,[15]
ESTOMATOLEG,[17]
ESTOMATOLOGO,"[16, 15]"
ESTOQUEADOR,[15]
ESTRATEGA,[15]
ESTRATIGRAFISTA,"[14, 15]"
ESTRATIGRAFO,[15]
ESTRUCTURALISTA,[15]
ESTRUCTURISTA,[16]
ESTUCADOR,"[14, 15]"
ESTUCHISTA,"[11, 15]"
ESTUFERO,[15]
ESTUFISTA,[15]
ESTUQUISTA,[15]
ETALONADOR,[15]
ETIMOLOGA,[18]
ETIMOLOGISTA,"[12, 13, 15]"
ETIMOLOGO,"[18, 12, 13, 15]"
ETIOLOGO,[15]
ETIQUETADOR,"[16, 15]"
ETNOGRAFO,"[18, 12, 13, 15]"
ETNOLINGUISTA,[15]
ETNOLOGO,"[12, 13, 14, 15, 18]"
ETNOMUSICOLOGO,[15]
ETOLOGO,"[18, 12, 13, 15]"
ETRUSCOLOGO,[15]
EUNUCO,[15]
EUROCRATA,[15]
EURODIPUTADO,[15]
EVALUADOR,[15]
EVANGELISTA,[15]
EVANGELIZADOR,[15]
EVASOR,[15]
EVISCERADOR,[15]
EXACTOR,[15]
EXAMINADOR,"[18, 13, 15]"
EXAMINANDO,[15]
EXARCA,"[4, 5]"
EXEGETA,[15]
EXOBIOLOGO,[15]
EXOCATACELOS,[4]
EXOLOGISTA,[15]
EXORCISTA,[15]
EXPEDIDOR,[15]
EXPENDEDOR,[15]
EXPENEDOR,[17]
EXPERIMENTADOR,[15]
EXPERTO,"[14, 15]"
EXPLORADOR,[15]
EXPLOTADOR,[15]
EXPORTADOR,[15]
EXTENDEDOR,[15]
EXTERMINADOR,[14]
EXTRA,[15]
EXTRACTOR,[14]
EXTRACTORISTA,[15]
EXTRUSOR,"[14, 15]"
FABRICANTE,"[14, 15]"
FABRIQUERO,[15]
FABULADOR,[15]
FABULISTA,[15]
FACTOR,[15]
FACTURADOR,"[14, 15]"
FACTURISTA,[15]
FACULTATIVO,"[18, 13, 15]"
FAGOT,[15]
FAGOTISTA,[15]
FAISANERO,[15]
FAJERO,[15]
FALLERO,[15]
FALLUQUERO,[15]
FAMULO,[15]
FAQUIN,[15]
FAQUIR,[15]
FARANDULERO,[15]
FARERO,"[11, 15]"
FARISTA,[15]
FARMACEUTA,[14]
FARMACEUTIC,[17]
FARMACEUTICO,"[12, 13, 15, 16, 18, 20]"
FARMACOLOGO,"[12, 13, 14, 15, 18]"
FAROLERO,[15]
FARSISTA,[15]
FEDATARIO,[15]
FEDERATIVO,[15]
FENOMENOLOGO,[15]
FERIANTE,[15]
FERRALLISTA,[15]
FERRER,[17]
FERRETERO,[15]
FERROVIARIO,"[19, 15]"
FESTERO,[15]
FIADOR,[15]
FIAMBRERO,[15]
FICOLOGO,[15]
FIDEERO,[15]
FIDUCIARIO,[15]
FIGURANTE,[15]
FIGURERO,[15]
FIGURINISTA,[15]
FIGURISTA,[15]
FILATELICO,[15]
FILATELISTA,[15]
FILETEADOR,"[14, 15]"
FILETERO,[15]
FILIBUSTERO,[15]
FILIPINISTA,[15]
FILMADOR,[15]
FILMOLOGO,[15]
FILOGENISTA,[15]
FILOLEG,[17]
FILOLOGO,"[12, 13, 14, 15, 16, 18, 20]"
FILOSOF,[17]
FILOSOFO,"[12, 13, 14, 15, 16, 18, 20]"
FINALIZADOR,[14]
FINANCER,[17]
FINANCIERO,"[16, 15]"
FINQUERO,[15]
FISCAL,"[12, 13, 14, 15, 16, 17, 18]"
FISCORNO,[15]
FISIATRA,"[14, 15]"
FISIC,[17]
FISICO,"[12, 13, 14, 15, 16, 18, 20]"
FISICOQUIMICO,[15]
FISIOGRAFO,[15]
FISIOLOGO,"[12, 13, 14, 15, 18]"
FISIOTERAPEUTA,"[12, 13, 14, 15, 16, 17, 18, 20]"
FISIOTERAPISTA,[14]
FISONOMISTA,[15]
FISOPATOLOGO,[15]
FITOCENOLOGO,[15]
FITOGEOGRAFO,[15]
FITOGRAFO,[15]
FITOLOGO,[15]
FITOPATOLOGO,[15]
FITOTERAPEUTA,[15]
FLABIOL,[15]
FLAMENCOLOGO,[15]
FLAUTA,[15]
FLAUTERO,[15]
FLAUTIN,[15]
FLAUTISTA,[15]
FLECHADOR,[15]
FLECHERO,[15]
FLEQUERO,[15]
FLETADOR,[15]
FLORERO,[15]
FLORESTERO,[15]
FLORETISTA,[15]
FLORICULTOR,[15]
FLORISTA,"[12, 15]"
FOGONERO,"[11, 14, 15]"
FOLCLORISTA,[15]
FOLLADOR,[15]
FOLLERO,[15]
FOLLETINISTA,[15]
FOLLETISTA,[15]
FONDISTA,[15]
FONETISTA,"[18, 12, 13, 15]"
FONIATRA,"[18, 12, 13, 15]"
FONOAUDIOLOGO,[14]
FONOLOGO,"[18, 12, 13, 15]"
FONOTECNICO,[15]
FONTANERO,"[1, 12, 14, 15, 16, 20]"
FOQUISTA,[15]
FORENSE,"[18, 12, 13, 15]"
FORJADOR,"[17, 11, 14, 15]"
FORMADOR,[15]
FORNER,[17]
FORRADOR,[15]
FORRAJEADOR,[15]
FORRAJERO,[15]
FOTO FIJA,[15]
FOTOCOMPOSITOR,[15]
FOTOCOPIADOR,[15]
FOTOGRABADOR,[15]
FOTOGRAF,[17]
FOTOGRAFO,"[12, 13, 14, 15, 16, 18, 20]"
FOTOGRAMETRISTA,"[14, 15]"
FOTOIMPRESOR,[15]
FOTOINTERPRETE,[15]
FOTOLITOGRABADOR,[15]
FOTOLITOGRAFISTA,[15]
FOTOLITOGRAFO,[15]
FOTOMECANICO,"[14, 15]"
FOTOPERIODISTA,[15]
FOTOTERAPEUTA,[15]
FOTOTIPISTA,[15]
FRAILE,"[5, 15]"
FRAY,[5]
FRAZADERO,[15]
FREGADOR,[15]
FREIDOR,[15]
FRENERO,[15]
FRENOLOGO,[15]
FRENOPATA,[15]
FRESADOR,"[14, 15]"
FRESERO,[15]
FRESQUERO,[15]
FRESQUISTA,[15]
FRIEGAPLATOS,[15]
FRIGORISTA,[15]
FRISADOR,[15]
FRUNCIDOR,[15]
FRUTERO,[15]
FRUTICULTOR,[15]
FUERISTA,[15]
FUMIGADOR,"[16, 17, 14, 15]"
FUMISTA,[15]
FUNAMBULISTA,[15]
FUNAMBULO,[15]
FUNCIONARIO,"[13, 14, 15, 18, 20]"
FUNDADOR,[15]
FUNDIDOR,"[14, 15]"
FUNERARIO,[15]
FURISTA,[15]
FURRIEL,[15]
FURRIER,[15]
FUSTANERO,[15]
FUSTER,[17]
FUTBOLISTA,[15]
FUTUROLOGO,[15]
GABARRERO,[15]
GACETERO,[15]
GACETILLERO,[15]
GACETISTA,[15]
GAITERO,[15]
GALENO,[15]
GALERERO,[15]
GALERISTA,[15]
GALGUERO,"[11, 15]"
GALICISTA,[15]
GALLETERO,[15]
GALLINERO,[15]
GALLOFERO,[15]
GALLUPERO,[11]
GALOCHERO,[15]
GALONEADOR,[15]
GALPONERO,[14]
GALVANIZADOR,"[14, 15]"
GALVANOPLASTA,[15]
GALVANOSTEGA,[15]
GALVANOTIPISTA,[15]
GAMBISTA,[15]
GAMUCERO,[15]
GANADERO,[15]
GANAN,[15]
GANAPAN,[15]
GANCHERO,"[19, 14, 15]"
GANCHILLERO,[15]
GARAJISTA,[15]
GARBANCERO,[15]
GARBILLADOR,[15]
GARITERO,[15]
GARROCHERO,[15]
GARZON,[15]
GASISTA,[15]
GASOLINERO,[15]
GASTROENTEROLOGO,"[14, 15]"
GASTRONOMO,[15]
GATERO,[15]
GAVIERO,[15]
GAVILLADOR,[15]
GEMOLOGO,"[18, 12, 13, 15]"
GENDARME,[15]
GENEALOGISTA,[15]
GENERAL,"[2, 15]"
GENERAL AEREO,[2]
GENERAL DE BRIGADA,[2]
GENERAL DE DIVISION,[2]
GENERAL DE EJERCITO,[2]
GENERAL DEL AIRE,[2]
GENERALISTA,[15]
GENETICO,[15]
GENETISTA,"[12, 13, 14, 15, 18]"
GENETLIACO,[15]
GEOBIOLOGO,[15]
GEOBOTANICA,"[18, 13]"
GEOBOTANICO,"[12, 15]"
GEOCRONOLOGISTA,[15]
GEOCRONOLOGO,[15]
GEODESISTA,[15]
GEODESTA,"[18, 12, 13, 15]"
GEOFISIC,[17]
GEOFISICO,"[12, 13, 14, 15, 16, 18]"
GEOGNOSTA,[15]
GEOGRAF,[17]
GEOGRAFO,"[12, 13, 14, 15, 16, 18, 20]"
GEOLEG,[17]
GEOLOGO,"[12, 13, 14, 15, 16, 18, 20]"
GEOMAGNETICISTA,"[14, 15]"
GEOMANTICO,"[18, 12, 13, 15]"
GEOMETRA,"[18, 12, 15]"
GEOMORFOLOGO,"[14, 15]"
GEOQUIMICA,"[18, 12]"
GEOQUIMICO,"[14, 15]"
GEOTECNISTA,[14]
GERENT,[17]
GERENTE,"[14, 15, 16, 18, 20]"
GERIATRA,"[12, 13, 14, 15, 18]"
GERMANISTA,[15]
GERONTOLOGO,"[12, 13, 14, 15, 18]"
GESTOR,"[13, 14, 15, 16, 18]"
GIMNASTA,[15]
GINECOLOGO,"[12, 14, 15]"
GIRADOR,[15]
GLACIOLOGO,[15]
GLADIADOR,[15]
GLOSADOR,[15]
GLOTOLOGO,[15]
GOBERNADOR,[15]
GOBERNANTE,[15]
GOCISTA,[15]
GOFRADOR,[15]
GOLFISTA,[15]
GOLILLERO,[15]
GOMERO,[15]
GONDOLERO,[15]
GORRERO,[15]
GORRISTA,[15]
GRABADOR,"[1, 11, 12, 13, 14, 15, 16, 18]"
GRADUADO,[15]
GRADUADO SOCIAL,"[18, 12, 13]"
GRAFISTA,[15]
GRAFOLOGO,"[18, 12, 13, 15]"
GRALLERO,[15]
GRAMATICO,"[18, 12, 13, 15]"
GRANADERO,[15]
GRANERO,[15]
GRANJERO,[15]
GRAVADOR,[17]
GRECISTA,[15]
GRUISTA,"[16, 15]"
GRUMETE,[15]
GRUPISTA,[15]
GUADAMACILERO,[15]
GUADANADOR,[15]
GUADANERO,[15]
GUANTERO,"[11, 15]"
GUARANON,[15]
GUARDA,"[19, 15]"
GUARDABANDERAS,[15]
GUARDABARRERA,[15]
GUARDABOSQUE,[15]
GUARDABOSQUES,[14]
GUARDACABRAS,[15]
GUARDACAZA,[15]
GUARDACOCHES,[15]
GUARDACOSTAS,[14]
GUARDAESPALDAS,[15]
GUARDAFRENOS,"[14, 15]"
GUARDAGUJAS,"[14, 15]"
GUARDAMUJER,[15]
GUARDARROPA,[15]
GUARDAVIA,[15]
GUARDES,[15]
GUARDIA,"[20, 15]"
GUARDIA CIVIL,"[16, 17]"
GUARDIAMARINA,[2]
GUARDIAN,"[14, 15]"
GUARNECEDOR,[14]
GUARNICIONERO,"[19, 15]"
GUARNICIONEROLENADOR,[11]
GUERRILLERO,[15]
GUIA,"[16, 17, 14, 15]"
GUILLOTINERO,[15]
GUILLOTINISTA,[15]
GUIONISTA,"[20, 14, 15]"
GUITARRA,[15]
GUITARRERO,[15]
GUITARRISTA,[15]
GUITERO,[15]
GUIXAIRE,[17]
HACENDISTA,[15]
HACHERO,"[19, 15]"
HACINADOR,[15]
HALCONERO,[15]
HALTEROFILISTA,[15]
HALTEROFILO,[15]
HAMAQUERO,[15]
HARINERO,[15]
HARNERERO,[15]
HATERO,[15]
HEBILLERO,[15]
HEBRAISTA,[15]
HECHICERO,[15]
HELADERO,[15]
HELICICULTOR,[15]
HELIOFISICO,[15]
HELIOTECNICO,[15]
HEMATOLOGO,"[18, 13, 15]"
HEMTOLOGO,[12]
HENDEDOR,[15]
HEPATOLOGO,"[18, 12, 13, 15]"
HERALDISTA,[15]
HERBAJERO,[15]
HERBOLARIO,"[19, 15]"
HERBORISTA,[15]
HEREDERO,[15]
HERMANA,[5]
HERMENEUTA,[15]
HERNISTA,[15]
HERPETOLOGO,[15]
HERRADOR,"[19, 15]"
HERRAMENTISTA,[14]
HERRAMESTISTA,[15]
HERRERO,"[1, 11, 15, 16, 19]"
HERVIDOR,[15]
HEVICULTOR,[15]
HEVILLERO,[15]
HIDALGO,[15]
HIDROBIOLOGO,"[14, 15]"
HIDROGEOLOGO,"[18, 12, 13, 15]"
HIDROGRAFO,"[18, 12, 13, 15]"
HIDROLOGO,"[12, 13, 14, 15, 18]"
HIDROMANTICO,[15]
HIDROMETRA,[15]
HIDROPATA,[15]
HIDROTERAPEUTA,[15]
HIERODIACONO,[4]
HIEROMONJE,[4]
HIGIENISTA,"[12, 13, 14, 15, 18, 20]"
HIGUERALERO,[15]
HIGUMENO,[4]
HILADOR,[15]
HILANDERA,[19]
HILANDERO,[15]
HILVANADOR,[15]
HIMNOGRAFO,[15]
HIMNOTERAPEUTA,[15]
HIPNOTIZADOR,[15]
HIPOLOGO,[15]
HISPANISTA,"[18, 12, 13, 15]"
HISTOLOGO,"[14, 15]"
HISTOPATOLOGO,[15]
HISTORIADOR,"[12, 13, 14, 15, 16, 17, 20]"
HISTORIADORA,[18]
HISTORIOGRAFO,[15]
HISTOTECNOLOGO,[14]
HISTRION,[15]
HISTRIONISA,[15]
HOCKEISTA,[15]
HOJALATERO,"[11, 19, 14, 15]"
HOJALDRERO,[15]
HOJALDRISTA,[15]
HOMBRE,[15]
HOMBRE RANA,"[14, 15]"
HOMEOPATA,"[12, 13, 14, 15, 16, 17, 18]"
HORCHATERO,[15]
HORMERO,[15]
HORNERO,"[16, 19, 14, 15]"
HORNIJERO,[15]
HORRERO,[15]
HORTELANO,"[19, 15]"
HORTICULTOR,[15]
HOSPEDERO,[15]
HOSPITALERO,[15]
HOSTELERO,"[20, 15]"
HOSTER,[14]
HOSTES,[17]
HOSTIERO,[15]
HOTELERO,[15]
HUEBRERO,[15]
HUECOGRABADOR,[15]
HUEVERO,[15]
HUEVETERO,[15]
HUIDERO,[15]
HUMECTADOR,"[14, 15]"
HUMORISTA,[15]
ICONOGRAFO,[15]
ICTIOLOGO,"[14, 15]"
IDEOGRAFO,[15]
IGUALADOR,[15]
ILUMINADOR,[15]
ILUSIONISTA,[15]
ILUSTRADOR,"[20, 14, 15]"
ILUSTRISIMO,[15]
IMAGINERO,[15]
IMAN,[15]
IMITADOR,[15]
IMPLANTOLOGO,[14]
IMPONEDOR,[15]
IMPORTADOR,[15]
IMPOSITOR,[15]
IMPREGNADOR,"[14, 15]"
IMPRESOR,"[16, 14, 15]"
IMPRIMADOR,[15]
IMPULSADOR,[14]
INCINERADOR,[15]
INDIANERO,[15]
INDIANISTA,[15]
INDUSTRIAL,"[14, 15]"
INFANTE,[15]
INFANZON,[15]
INFERMER,[17]
INFOGRAFISTA,[15]
INFOGRAFO,[15]
INFOMEDIARIA,[15]
INFONOMISTA,[15]
INFORMADOR,"[20, 14, 15]"
INFORMATICO,"[12, 13, 15, 18, 20]"
INGENIERO,"[13, 14, 15, 16, 18, 20]"
INGENIERO TECNICO,"[18, 13]"
INJERTADOR,[15]
INMUNOLOGO,"[12, 13, 14, 15, 18]"
INMUNOPATOLOGO,[15]
INMUNOTERAPEUTA,[15]
INQUISIDOR,[15]
INSEMINADOR,"[14, 15]"
INSERTOR,[15]
INSOLADOR,[15]
INSPECTOR,"[18, 13, 14, 15]"
INSTALADOR,"[16, 14, 15]"
INSTITUTOR,[15]
INSTITUTRIZ,[15]
INSTRUCTOR,"[12, 14, 15, 16, 17]"
INSTRUMENTADOR,[14]
INSTRUMENTISTA,"[14, 15]"
INTENDENTE,[15]
INTERINO,"[18, 13, 15]"
INTERIORISTA,"[17, 15]"
INTERMEDIARIO,"[16, 14, 15]"
INTERNACIONALISTA,[15]
INTERNISTA,"[14, 15]"
INTERNUNCIO,[15]
INTERPRET,[17]
INTERPRETE,"[16, 14, 15]"
INTERVENTOR,"[11, 12, 13, 14, 15, 18]"
INTRAPRENEUR,[15]
INTRODUCTOR,[15]
INVENTOR,[15]
INVERSOR,[15]
INVESTIGADOR,"[12, 13, 14, 15, 18]"
INYECTADOR,[15]
IRIDOLOGO,[15]
ISLAMISTA,[15]
ISLERO,[14]
ISOTERAPEUTA,[15]
ITALIANISTA,[15]
JABEGUERO,[15]
JABONERO,"[19, 15]"
JACARERO,[15]
JACARISTA,[15]
JAECERO,[15]
JARDINERO,"[1, 12, 13, 14, 15, 18, 20]"
JARRERO,[15]
JAULERO,[15]
JAZZISTA,[15]
JEFE,"[11, 12, 13, 14, 15, 16, 18]"
JERARCA,[15]
JIFERO,[15]
JINETE,[15]
JOCKEY,[15]
JOIER,[17]
JORNALERO,"[19, 15]"
JOTERO,[15]
JOYERO,"[1, 11, 14, 15, 16, 19]"
JUBETERO,[15]
JUBONERO,[15]
JUDOKA,[15]
JUEZ,"[12, 13, 14, 15, 16, 18, 20]"
JUGADOR,[15]
JUGLAR,[15]
JUGLARESA,[15]
JUGUETERO,"[11, 15]"
JUNTERO,[15]
JURADO,[15]
JURISCONSULTO,[15]
JURISPERITO,[15]
JURISTA,[15]
JUSTIFICADOR,[15]
JUTGE,[17]
KARATECA,[15]
KARDIXTA,[14]
KARSTOLOGO,[15]
KINESIOLOGO,"[14, 15]"
KINESITERAPEUTA,[15]
KIOSQUERO,[15]
KREMLINOLOGO,[15]
LABORALISTA,[15]
LABORANTE,[15]
LABORATORISTA,[14]
LABORERO,[15]
LABRADOR,"[19, 15]"
LABRANDERO,[15]
LABRANTE,"[16, 11, 14, 15]"
LABRIEGO,[15]
LACADOR,[15]
LACAYO,[15]
LACERO,[15]
LADRILLADOR,[15]
LADRILLERO,[15]
LAGARERO,[15]
LAMINADOR,"[14, 15, 16, 17, 19]"
LAMINERO,[15]
LAMPARERO,"[1, 15]"
LAMPARISTA,[15]
LAMPISTA,"[17, 15]"
LAMPISTERO,[15]
LANCERO,[15]
LANCHERO,[15]
LANERO,[15]
LANGOSTERO,[15]
LANZADOR,[15]
LAPIDADOR,[14]
LAPIDARIO,[15]
LAQUEADOR,[14]
LARINGOLOGO,[15]
LATERO,[15]
LATIFUNDISTA,[15]
LATINISTA,"[18, 12, 13, 15]"
LATONERO,"[14, 15]"
LAUDISTA,[15]
LAURENTE,[15]
LAVACOCHES,[15]
LAVADOR,"[14, 15]"
LAVANDERA,[19]
LAVANDERO,"[16, 11, 14, 15]"
LAVAPLATOS,[15]
LAYADOR,[15]
LECCIONISTA,[15]
LECHERO,"[16, 19, 15]"
LECHUGUERO,[15]
LECTOR,"[13, 14, 15, 16, 17, 18]"
LEGADO,[15]
LEGADOR,[15]
LEGATARIO,[15]
LEGIONARIO,[15]
LEGISLADOR,[15]
LEGISPERITO,[15]
LEGISTA,[15]
LEMATIZADOR,[15]
LENADOR,"[1, 19, 14, 15]"
LENATERO,[15]
LENCERA,[14]
LENCERO,[15]
LENERO,[15]
LEONERO,[15]
LEPIDOPTEROLOGO,[15]
LETRADO,"[18, 13, 15]"
LETRISTA,[15]
LEVADOR,[15]
LEVANTADOR,[15]
LEXICOGRAFO,"[18, 12, 13, 15]"
LEXICOLOGO,"[18, 12, 13, 15]"
LIBRADOR,[15]
LIBRERO,[15]
LIBRETISTA,"[14, 15]"
LICENCIADO,"[18, 13, 15]"
LICITADOR,[15]
LICORISTA,[15]
LIDER,"[14, 15]"
LIDIADOR,[15]
LIGADOR,"[14, 15]"
LIJADOR,[15]
LIMADOR,[15]
LIMERO,[15]
LIMNOLOGO,[15]
LIMONERO,[15]
LIMOSNERO,[15]
LIMPIABOTAS,"[1, 19, 15]"
LIMPIACHIMENEAS,[15]
LIMPIACOCHES,[15]
LIMPIACRISTALES,[15]
LIMPIADOR,"[16, 12, 14, 15]"
LINACERO,[19]
LINAJISTA,[15]
LINERO,[15]
LINGUISTA,"[12, 13, 14, 15, 16, 17, 18]"
LINIER,[15]
LINIERO,"[11, 14]"
LINOTIPISTA,[15]
LINTERNERO,[15]
LIQUENOLOGO,[15]
LIQUIDADOR,"[14, 15]"
LISTERO,"[11, 15]"
LISTONERO,[15]
LITERATO,"[14, 15]"
LITERERO,[15]
LITOGRABADOR,"[14, 15]"
LITOGRAFO,"[14, 15]"
LITOLOGO,[15]
LITURGISTA,[15]
LIZADOR,[15]
LLAVERO,[15]
LOBERO,[15]
LOCALISTA,[15]
LOCALIZADOR,[14]
LOCERO,[19]
LOCUTOR,"[14, 15, 16, 17, 20]"
LOGOGRAFO,[15]
LOGOPEDA,"[12, 13, 15, 16, 17, 18, 20]"
LOQUERO,[15]
LOTERO,[15]
LUBRICADOR,[14]
LUCERO,[19]
LUCHADOR,[15]
LUDOTECARIO,[15]
LUGARTENIENTE,[15]
LUMINOTECNICO,"[14, 15]"
LUPERADORA,[14]
LUTHIER,"[11, 15]"
LUTIER,"[16, 17]"
MACEADOR,[15]
MACEDOR,[15]
MACERADOR,"[14, 15]"
MACERO,[15]
MACHACADOR,"[14, 15]"
MACHERO,"[16, 14, 15]"
MACHETERO,[15]
MACUQUERO,[15]
MADERERO,[15]
MADRIGALISTA,[15]
MADRILADOR,[15]
MAESTRANTE,[15]
MAESTRE,[15]
MAESTRESALA,[15]
MAESTRESCUELA,[15]
MAESTRO,"[1, 12, 13, 14, 15, 16, 18, 19]"
MAESTRO ARMERO,[19]
MAESTRO DE OBRA,[19]
MAFRIAN,[4]
MAGISTRADO,"[16, 14, 15]"
MAGISTRAT,[17]
MAGNATE,[15]
MAGNETOTERAPEUTA,[15]
MAGO,[15]
MAHONERO,[11]
MAINADER,[17]
MAITRE,"[14, 15]"
MAJORDOM,[17]
MALABARISTA,[15]
MALACOLOGO,[15]
MALETERO,"[14, 15]"
MALLERO,[15]
MAMADOR,[11]
MAMALOGISTA,[15]
MAMMALOGISTA,[14]
MAMPORRERO,[15]
MAMPOSTERO,"[19, 14, 15]"
MANADERO,[15]
MANAGER,[15]
MANCEBO,[15]
MANDADERO,[15]
MANDANTE,[15]
MANDARIN,[15]
MANDATARIO,[15]
MANGUERO,[15]
MANICURISTA,[14]
MANICURO,[15]
MANIJERO,[15]
MANILERO,[14]
MANIPULADOR,[15]
MANIQUI,[15]
MANOBRERO,[15]
MANTELERO,[15]
MANTENEDOR,[16]
MANTENIDOR,[17]
MANTEQUERO,[15]
MANTEQUILLERO,[15]
MANTERO,[15]
MANUARERO,[15]
MANUFACTURERO,[15]
MANZANILLERO,[15]
MAQUEADOR,[15]
MAQUETISTA,[15]
MAQUILADOR,[15]
MAQUILERO,[15]
MAQUILLADOR,"[20, 14, 15]"
MAQUINISTA,"[11, 14, 15, 16, 17]"
MARAQUERO,[15]
MARCADOR,"[14, 15]"
MARCHAMADOR,[15]
MARCHAMERO,[15]
MARCHANTE,"[19, 15]"
MARCOLADOR,[15]
MARINER,[17]
MARINERO,"[16, 2, 14, 15]"
MARINERO DE PRIMERA,[2]
MARINERO DISTINGUIDO,[2]
MARINO,[15]
MARISCADOR,[15]
MARISCAL,[15]
MARISQUERO,"[14, 15]"
MARITORNES,[15]
MARMITON,[15]
MARMOLISTA,[15]
MARQUES,[15]
MARQUETERO,"[19, 15]"
MARQUISTA,[15]
MARRAGUERO,[15]
MARROQUINERO,"[14, 15]"
MARTILLADOR,[15]
MARTILLERO,[15]
MASADERO,[15]
MASAJISTA,"[14, 15]"
MASCARERO,[15]
MASOVERO,[15]
MASTOLOGO,[15]
MASTOZOOLOGO,[15]
MATADOR,"[17, 15]"
MATALASSER,[17]
MATANCERO,[15]
MATARIFE,"[16, 19, 14, 15]"
MATEMATIC,[17]
MATEMATICO,"[12, 13, 14, 15, 16, 18, 20]"
MATRICER,[17]
MATRICERO,"[16, 14, 15]"
MATRON,"[18, 12, 13, 15]"
MATRONO,[16]
MAULERO,[15]
MAYISTA,[15]
MAYOR,[2]
MAYOR GENERAL,[2]
MAYORAL,[15]
MAYORAZGUISTA,[15]
MAYORDOMO,"[16, 14, 15]"
MAYORISTA,[15]
MECANIC,[17]
MECANICO,"[1, 12, 14, 15, 16, 20]"
MECANOGRAFA,[14]
MECANOGRAFO,[15]
MECENAS,[15]
MECHERO,[15]
MEDALLISTA,[15]
MEDIADOR,"[17, 15]"
MEDIANERO,[15]
MEDICASTRO,[15]
MEDICO,"[13, 14, 15, 16, 18, 20]"
MEDIDOR,"[14, 15]"
MEDIERO,[15]
MEDIEVALISTA,[15]
MEJILLONERO,[15]
MELCOCHERO,[15]
MELERO,"[19, 15]"
MELODISTA,[15]
MELONERO,[15]
MEMORIALISTA,[15]
MEMORIOGRAFO,[15]
MENESTRAL,[15]
MENINO,[15]
MENSAJERO,"[16, 15]"
MENTOR,[15]
MENUDERO,[15]
MERCADER,"[19, 15]"
MERCADERISTA,[14]
MERCANTILISTA,[15]
MERCENARIO,[15]
MERCERO,[15]
MERCHANDISER,[15]
MERCHANTE,[15]
MERITORIO,[15]
MERMELADERO,[15]
MESEGUERO,[15]
MESERO,"[14, 15]"
MESONERO,[15]
MESTRE,[17]
METALERO,[15]
METALISTA,[15]
METALISTERO,[14]
METALIZADOR,[15]
METALOGRAFO,[15]
METALURGICO,"[20, 15]"
METALURGISTA,[15]
METEOROLEG,[17]
METEOROLOGO,"[12, 13, 14, 15, 16, 18]"
METGE,[17]
METRIFICADOR,[15]
METRISTA,[15]
METROLOGO,[15]
METROPOLITANO,[15]
METXER,[17]
MEZCLADOR,"[14, 15]"
MEZZOSOPRANO,[15]
MICETOLOGO,[15]
MICOLOGO,"[12, 13, 14, 15, 18]"
MICROBIOLOGICO,"[18, 13]"
MICROBIOLOGO,"[14, 15]"
MICROCIRUJANO,"[18, 12, 13, 15]"
MICROGRAFO,[15]
MICROPALEONTOLOGO,[15]
MICROSCOPISTA,[15]
MIELERO,[19]
MIEMBRO,[15]
MILICIANO,[15]
MILITAR,"[20, 15]"
MIMBRERERO,[15]
MIMBRERO,[15]
MIMO,[15]
MIMOGRAFO,"[18, 12, 13, 15]"
MINADOR,[15]
MINER,[17]
MINERALOGISTA,"[12, 13, 14, 15, 18]"
MINERO,"[16, 11, 14, 15]"
MINERVISTA,[15]
MINIATURISTA,[15]
MINIFUNDISTA,[15]
MINISTRO,[15]
MINORISTA,[15]
MISIONARIO,[15]
MISIONERO,[15]
MISSATGER,[17]
MISTER,[15]
MITILICULTOR,[15]
MITOGRAFO,[15]
MITOLOGO,[15]
MODEL,[17]
MODELADOR,"[16, 17, 15]"
MODELISTA,"[16, 11, 14, 15]"
MODELO,"[12, 14, 15, 16, 20]"
MODERADOR,[15]
MODISTA,[1]
MODISTO,"[16, 17, 14, 15]"
MOJADOR,[15]
MOJON,[15]
MOLDEADOR,"[16, 11, 14, 15]"
MOLEDERO,[15]
MOLEDOR,[15]
MOLENDERO,[15]
MOLERO,[15]
MOLETEADOR,[15]
MOLINERO,"[19, 14, 15]"
MOLLETERO,[15]
MOLTURADOR,[15]
MONAGUILLO,[15]
MONARCA,[15]
MONDAPOZOS,[15]
MONDONGUERO,[15]
MONEDERO,"[19, 15]"
MONITOR,"[12, 13, 15, 16, 17, 18]"
MONJA,[5]
MONJE,"[5, 15]"
MONOGRAFISTA,[15]
MONOLOGUISTA,[15]
MONOPOLISTA,[15]
MONOSABIO,[15]
MONOTIPISTA,[15]
MONSENOR,"[3, 5]"
MONTADOR,"[16, 11, 14, 15]"
MONTAJISTA,[14]
MONTANERO,[15]
MONTARAZ,[15]
MONTEADOR,[15]
MONTERERO,"[19, 15]"
MONTERO,[15]
MONTONERO,[15]
MORALISTA,[15]
MORCILLERO,[15]
MORFOLOGO,[15]
MORILLERO,[19]
MOSAIQUISTA,[15]
MOSAISTA,[15]
MOSEN,"[3, 5]"
MOSQUETERO,[15]
MOSSO,[17]
MOTERO,[15]
MOTORISTA,"[16, 14, 15]"
MOZO,"[16, 19, 15]"
MOZO DE MULAS,[19]
MUCHACHO,[15]
MUEBLISTA,[15]
MUESTREADOR,[14]
MUFLERO,[15]
MUJER,[15]
MULATERO,[15]
MULERO,[15]
MULETERO,[15]
MULILLERO,[15]
MUNDIALISTA,[15]
MUNEQUERO,[15]
MUNICIONERO,[15]
MUNTADOR,[17]
MURALISTA,"[14, 15]"
MURCIGALLERO,[15]
MURCIGLERO,[15]
MUSEOGRAFO,[15]
MUSEOLOGO,[15]
MUSIC,[17]
MUSICO,"[16, 20, 14, 15]"
MUSICOGRAFO,[15]
MUSICOLOGO,"[18, 12, 13, 15]"
MUTUARIO,[15]
NADADOR,[15]
NAIPERO,[15]
NANA,[15]
NAPADOR,[15]
NARANJERO,[15]
NARRADOR,[15]
NATURALISTA,[15]
NATURISTA,"[14, 15]"
NATUROPATA,"[12, 13, 15, 16, 17, 18]"
NAUTA,[15]
NAVACERO,[15]
NAVEGANTE,[15]
NAVIERO,[15]
NEFROLOGO,"[12, 13, 14, 15, 18]"
NEGOCIADOR,[15]
NEGOCIANTE,[15]
NEMATOLOGO,[15]
NEOLOGISTA,[15]
NEONATOLOGO,[15]
NESKATILLA,[11]
NETEJADOR,[17]
NEUMATOLOGO,[15]
NEUMOLOGO,"[12, 13, 14, 15, 18]"
NEUROANATOMISTA,"[18, 12, 15]"
NEUROBIOLOGO,"[18, 12, 15]"
NEUROCIRUJANO,"[18, 12, 14, 15]"
NEUROEMBRIOLOGO,"[18, 12, 13, 15]"
NEUROFISIOLOGO,"[18, 12, 13, 15]"
NEUROLOGO,"[12, 13, 14, 15, 18]"
NEUROPATOLOGO,"[14, 15]"
NEUROPSICOLOGO,[15]
NEUROPSIQUIATRA,[15]
NIGROMANTE,[15]
NINERO,[15]
NIQUELADOR,"[14, 15]"
NITRADOR,[15]
NIVOLOGO,[15]
NODRIZA,"[19, 15]"
NOMOGRAFO,[15]
NOMOLOGO,[15]
NORMALIZADOR,[15]
NOSOLOGO,[15]
NOTARI,[17]
NOTARIO,"[16, 20, 14, 15]"
NOTICIERO,[15]
NOTIFICADOR,[14]
NOVADOR,[15]
NOVELISTA,"[14, 15]"
NOVICIO,"[5, 15]"
NOVILLERO,[15]
NUECERO,[15]
NUMERARIO,[15]
NUMEROLOGO,[15]
NUMEROMANTICO,[15]
NUMISMATICO,[15]
NUMULARIO,[15]
NUNCIO,[15]
NUTRICIONISTA,"[14, 15, 16, 17, 20]"
NUTROLOGO,"[18, 12, 13, 15]"
OBISPO,"[5, 15]"
OBLIGACIONISTA,[15]
OBOE,[15]
OBOISTA,[15]
OBRADOR,[15]
OBRERO,"[14, 15]"
OBSERVADOR,[15]
OBSTETRA,"[14, 15]"
OCEANOGRAFO,"[12, 13, 14, 15, 18]"
OCEANOLOGO,[15]
OCULARISTA,"[14, 15]"
OCULISTA,[15]
OCULTISTA,[15]
ODONTOLEG,[17]
ODONTOLOGO,"[12, 13, 14, 15, 16, 18, 20]"
ODRERO,[15]
OFICIAL,"[13, 14, 15, 16, 17, 18]"
OFICINISTA,"[12, 13, 14, 15, 18]"
OFIMATICO,[15]
OFTALMOLOGO,"[12, 13, 14, 15, 18, 20]"
OJALADERO,[15]
OJALADOR,[15]
OJALERO,[15]
OJEADOR,[15]
OLEICULTOR,[15]
OLIGARCA,[15]
OLIVARERO,[15]
OLIVICULTOR,[15]
OLLERO,"[19, 15]"
ONCOLOGO,"[12, 13, 14, 15, 18]"
ONEROMANTICO,[15]
ONOMASTICO,[15]
ONTOLOGO,[15]
OPANTE,[15]
OPERADOR,"[17, 14, 15]"
OPERARI,[17]
OPERARIO,"[16, 14, 15]"
OPERISTA,[15]
OPOSITOR,[15]
OPTIC,[17]
OPTICO,"[16, 12, 13, 15]"
OPTOMETRA,[14]
OPTOMETRISTA,"[12, 13, 15, 16, 17, 18]"
ORACIONERO,[15]
ORADOR,[15]
ORDENADOR,"[14, 15]"
ORDENANCA,[17]
ORDENANZA,"[12, 13, 15, 16, 18]"
ORDINARIO,[5]
OREADOR,[14]
ORFEBRE,"[1, 12, 15, 16, 17, 19]"
ORFEONISTA,[15]
ORGANERO,"[11, 15]"
ORGANILLERO,"[19, 15]"
ORGANISTA,"[11, 15]"
ORGANITZADOR,[17]
ORGANIZADOR,"[14, 15]"
ORGANOLOGO,[15]
ORIENTADOR,"[12, 13, 14, 15, 18]"
ORIFICE,[15]
ORILLERO,[15]
ORLADOR,[15]
ORNAMENTADOR,[14]
ORNAMENTISTA,"[14, 15]"
ORNITOLOGO,"[12, 13, 14, 15, 18]"
OROPELERO,[15]
ORQUESTADOR,"[14, 15]"
ORTODONCISTA,"[14, 15]"
ORTOEPISTA,[15]
ORTOGRAFO,[15]
ORTOPEDICO,"[18, 12, 13, 15]"
ORTOPEDISTA,"[12, 13, 14, 15, 18]"
ORTOPROTESISTA,[16]
OSTEOLOGO,"[18, 12, 13, 15]"
OSTEOPATA,"[12, 13, 14, 15, 18]"
OSTERO,[15]
OSTRERO,[15]
OSTRICULTOR,[15]
OTOLOGO,[15]
OTORRINOLARINGOLOGO,"[12, 13, 14, 15, 18]"
OVEJERO,[15]
OVERLOQUISTA,[15]
OVILLADOR,[14]
OVINOCULTOR,[15]
OXICORTADOR,"[16, 14, 15]"
OXITALLADOR,[17]
PAGADOR,[15]
PAILERO,[14]
PAISAJISTA,"[16, 15]"
PAISANO,[15]
PAISATGISTA,[17]
PAJARERO,[15]
PAJERO,[15]
PALAFRENERO,"[14, 15]"
PALANGRERO,[15]
PALANQUERO,[15]
PALEADOR,[15]
PALEOANTROPOLOGO,[15]
PALEOBIOGEOGRAFO,[15]
PALEOBIOLOGO,"[18, 12, 13, 15]"
PALEOBOTANICO,"[18, 12, 13, 15]"
PALEOCLIMATOLOGO,[15]
PALEOGRAFO,"[18, 12, 13, 15]"
PALEOLOGO,"[18, 12, 13, 15]"
PALEONTOLOGO,"[12, 13, 14, 15, 18]"
PALEONTROPOLOGO,[15]
PALEOPATOLOGO,[15]
PALEOZOOLOGO,[15]
PALERO,[15]
PALETA,[17]
PALILLERO,[15]
PALINOLOGO,[15]
PALISTA,[15]
PALLIRI,[1]
PALMERO,[15]
PALOMERO,"[11, 15]"
PALQUISTA,[15]
PANADERO,"[11, 12, 14, 15, 16]"
PANDERETERO,[15]
PANDERETOLOGO,[15]
PANERO,[15]
PANETADOR,[14]
PANETERO,[15]
PANOLERO,[15]
PANTALLISTA,[15]
PANTALONERO,[15]
PANTOGRAFISTA,[15]
PANTOMIMO,[15]
PAPA,"[3, 5, 15]"
PAPA EMERITO,[3]
PAPARAZZI,[15]
PAPELERO,"[11, 15]"
PAPERER,[17]
PAPERO,[15]
PAPIROLOGO,[15]
PAPISA,[15]
PAQUETERO,[15]
PARABOLISTA,[15]
PARACAIDISTA,[15]
PARADISLERO,[15]
PARADOR,[15]
PARAGUERO,"[11, 15]"
PARALIMPICO,[15]
PARALINGUISTA,[15]
PARAMEDICO,[14]
PARANCERO,[15]
PARAPENTISTA,[15]
PARAPSICOLOGO,[15]
PARASITOLOGO,"[14, 15]"
PAREMIOGRAFO,[15]
PAREMIOLOGO,[15]
PARLAMENTARIO,[15]
PARODISTA,[15]
PARQUETER,[17]
PARQUETERO,"[14, 15]"
PARQUETISTA,[15]
PARRILLERO,[14]
PARROCO,[15]
PARTERA,[19]
PARTERO,[15]
PARTIDOR,[15]
PARTIQUINO,[15]
PARVULISTA,[15]
PASADOR,[15]
PASAMANERO,"[19, 15]"
PASANTE,[15]
PASTELERO,"[16, 14, 15]"
PASTELISTA,[15]
PASTERO,[15]
PASTEURIZADOR,[15]
PASTISSER,[17]
PASTOR,"[1, 3, 11, 15, 19]"
PATATERO,[15]
PATERO,[15]
PATINADOR,[15]
PATOLEG,[17]
PATOLOGO,"[12, 13, 14, 15, 18]"
PATRIARCA,[5]
PATRON,"[14, 15]"
PATRONISTA,"[16, 17, 14, 15]"
PATRONO,[15]
PAVERO,[15]
PAVIMENTADOR,[15]
PAVONADOR,"[14, 15]"
PAYASO,[15]
PAYES,[15]
PEAJERO,[15]
PEDAGOGO,"[12, 13, 15, 18, 20]"
PEDIATRA,"[12, 13, 14, 15, 18, 20]"
PEDICURO,"[18, 12, 13, 15]"
PEDODONCISTA,[15]
PEDOLOGO,[15]
PEDOPSIQUIATRA,[15]
PEDRER,[17]
PEDRERO,"[19, 15]"
PEGADOR,"[16, 14, 15]"
PEGUERO,"[19, 15]"
PEGUJALERO,[15]
PEGUJARERO,[15]
PEINADOR,"[14, 15]"
PEINERO,[15]
PEINETERO,[15]
PELADOR,"[19, 15]"
PELAIRE,[19]
PELAMBRERO,[15]
PELETERO,"[1, 14, 15, 16, 19]"
PELICULERO,[15]
PELLEJERO,"[19, 15]"
PELLETER,[17]
PELLIQUERO,[15]
PELOTARI,[15]
PELOTERO,"[11, 15]"
PELTRERO,[15]
PELUQUERO,"[1, 11, 12, 14, 15, 16, 20]"
PELUSERO,[19]
PENALISTA,[15]
PENASQUERO,[15]
PENDOLISTA,[15]
PENJANERO,[19]
PENSIONARIO,[15]
PENSIONISTA,[15]
PENTATLETA,[15]
PEON,"[16, 17, 19, 15]"
PEON CAMINERO,[19]
PERCHADOR,[15]
PERCHERO,[15]
PERCOCERO,[15]
PERCUSIONISTA,[15]
PERFORADOR,"[14, 15]"
PERFORISTA,[15]
PERFUMERO,"[19, 15]"
PERFUMISTA,[15]
PERFUSIONISTA,[14]
PERGAMINERO,[15]
PERINATOLOGO,[15]
PERIODISTA,"[12, 13, 14, 15, 16, 17, 18, 20]"
PERIODONCISTA,[14]
PERIODONTISTA,[15]
PERITO,"[18, 13, 14, 15]"
PERRERO,[15]
PERRUQUERS,[17]
PERSIANERO,[15]
PERSIANISTA,[15]
PERSONERO,[15]
PERTIGUISTA,[15]
PESADOR,"[14, 15]"
PESCADERO,[15]
PESCADOR,"[1, 11, 14, 15, 16, 17, 19]"
PESCATERO,"[16, 15]"
PESEBRISTA,[15]
PESISTA,[15]
PESPUNTEADOR,[15]
PETARDERO,[15]
PETARDISTA,[15]
PETICIONERO,[15]
PETROGRAFO,[15]
PETROLERO,[15]
PETROLOGO,"[14, 15]"
PIANISTA,[15]
PICADOR,"[17, 14, 15]"
PICAPEDRERO,"[19, 15]"
PICONERO,"[19, 15]"
PIELERO,[15]
PIGMENTADOR,[14]
PILATERO,[15]
PILERO,[15]
PILOTO,"[12, 14, 15, 16, 19]"
PIMENTONERO,[15]
PINACOLOGO,[15]
PINCHADISCOS,[15]
PINCHE,"[16, 15]"
PINERO,[19]
PINONERO,[15]
PINTADOR,[14]
PINTOR,"[1, 11, 14, 15, 16, 17, 20]"
PIPERO,[15]
PIQUERO,[19]
PIQUETERO,[15]
PIRAGUERO,[15]
PIRAGUISTA,[15]
PIRENEISTA,[15]
PIROBOLISTA,[15]
PIROGRABADOR,[15]
PIROTECNICO,"[11, 15]"
PISADOR,[15]
PISAUVAS,[15]
PISCICULTOR,"[18, 12, 13, 15]"
PISTERO,[15]
PISTOLERO,"[11, 15]"
PITANCERO,[15]
PITONISA,[15]
PIZARRERO,"[11, 15]"
PIZARRISTA,[15]
PIZZERO,"[14, 15]"
PLACERO,[15]
PLANCHADOR,"[11, 14, 15]"
PLANCHISTA,"[14, 15]"
PLANEADOR,[14]
PLANETOLOGO,[15]
PLANIDERA,"[19, 15]"
PLANIFICADOR,"[14, 15]"
PLANTADOR,[15]
PLANTILLERO,[15]
PLANTISTA,[15]
PLANTUFERO,[15]
PLANXISTA,[17]
PLATANERO,[15]
PLATEADOR,"[14, 15]"
PLATERO,"[16, 11, 19, 15]"
PLATILLERO,[15]
PLATINERO,[15]
PLATINISTA,[15]
PLAYERO,[15]
PLEBEYO,[15]
PLICIA,[12]
PLOMERO,"[14, 15]"
PLUMAJERO,[15]
PLUMISTA,[15]
PLUSMARQUISTA,[15]
PLUTOCRATA,[15]
POBRERO,[15]
POCERO,"[14, 15]"
PODADOR,"[14, 15]"
PODENQUERO,[15]
PODERDANTE,[15]
PODERHABIENTE,[15]
PODOLEG,[17]
PODOLOGO,"[12, 13, 14, 15, 16, 18, 20]"
POETA,"[14, 15]"
POETISA,[15]
POLEMISTA,[15]
POLICIA,"[16, 20, 15]"
POLICROMADOR,[15]
POLICULTOR,[15]
POLIDOR,[17]
POLIFONISTA,[15]
POLIGRAFO,[15]
POLISTA,[15]
POLITICO,[15]
POLITOLOGO,"[14, 15]"
POLLERO,[15]
POLVORERO,[15]
POLVORISTA,[15]
POMOLOGISTA,[15]
POMOLOGO,[15]
PONTAZGUERO,[15]
PONTONERO,[15]
PORCELANERO,[15]
PORCELANISTA,[15]
PORCICULTOR,[15]
PORCIONADOR,[14]
PORCIONERO,[15]
PORCIONISTA,[15]
PORDIOSERO,[15]
PORNOGRAFO,[15]
PORQUERIZO,[15]
PORQUERO,[15]
PORRONERO,[15]
PORTADOR,[15]
PORTALONERO,[14]
PORTAMIRA,[15]
PORTAVENTANERO,[15]
PORTAVEU,[17]
PORTAVOZ,"[16, 15]"
PORTERO,"[11, 12, 13, 14, 15, 18]"
POSADERO,[15]
POSESIONERO,[15]
POSGRADUADO,[15]
POSITIVADOR,[15]
POSTEADOR,[15]
POSTERO,[15]
POSTULANTE,"[3, 15]"
POTADOR,[15]
POTENTADO,[15]
POTERO,[15]
POTRERO,[15]
PRACTICANTE,"[14, 15]"
PRACTICO,"[11, 15]"
PRAGMATISTA,[15]
PRE NOVILLERO,[15]
PREBOSTE,[15]
PRECARISTA,[15]
PRECEPTOR,[15]
PREDICADOR,[15]
PREDICTOR,[15]
PREFECTO,"[5, 15]"
PREGONERO,"[11, 19, 15]"
PREHISTORIADOR,"[18, 12, 13, 15]"
PREHORMADOR,[14]
PRELADO,"[3, 5, 15]"
PRENDADOR,[15]
PRENDERO,[15]
PRENSADOR,"[14, 15]"
PRENSISTA,"[14, 15]"
PREOLIMPICO,[15]
PREPARADOR,"[14, 15, 16, 17, 20]"
PRESBITERO,"[3, 5, 15]"
PRESENTADOR,"[16, 14, 15]"
PRESERO,[15]
PRESIDENT,[17]
PRESIDENTE,"[13, 14, 15, 16, 18]"
PRESTAMISTA,"[16, 17, 15]"
PRESTATARIO,[15]
PRESTIDIGITADOR,[15]
PRETENDIENTE,[15]
PRETINERO,[15]
PRIMADO,"[3, 5]"
PRIMICERIO,[15]
PRIMICIERO,[15]
PRINCIPE,[15]
PRINCIPIANTE,[15]
PRIOR,[15]
PRIVATISTA,[15]
PROBABILISTA,[15]
PROBADOR,"[16, 14, 15]"
PROCERA,[15]
PROCERO,[15]
PROCESADOR,[14]
PROCTOLOGO,"[18, 12, 13, 15]"
PROCURADOR,"[16, 17, 20, 15]"
PRODUCTOR,"[14, 15]"
PROEDROS,[4]
PROFESIONAL,"[14, 15]"
PROFESOR,"[13, 14, 15, 16, 18, 20]"
PROFESSIONAL,[17]
PROFESSOR,[17]
PROFETA,[15]
PROFETISA,[15]
PROGRAMADOR,"[12, 13, 14, 15, 16, 17, 18]"
PROLOGUISTA,[15]
PROMOTOR,"[16, 17, 14, 15]"
PROMOVEDOR,[15]
PROPIETARIO,"[19, 15]"
PROPST,[3]
PROSADOR,[15]
PROSECTOR,[15]
PROSISTA,[15]
PROSPECTOR,[15]
PROSTITUTA,[1]
PROSTODONCISTA,[14]
PROSTODONTISTA,[15]
PROTESICO,"[12, 13, 15, 18, 20]"
PROTESISTA,[15]
PROTODIACONO,[4]
PROTONOTARIO,"[3, 5]"
PROTOPAPA,"[3, 4]"
PROTOTIPISTA,[15]
PROTOZOOLOGO,[15]
PROTUTOR,[15]
PROVADOR,[17]
PROVEEDOR,"[18, 13, 15]"
PROVINCIAL,[15]
PROVISOR,[15]
PROYECCIONISTA,[15]
PROYECTISTA,"[14, 15]"
PSICOANALISTA,"[18, 12, 13, 15]"
PSICOFISICO,"[18, 12, 13, 15]"
PSICOFISIOLOGO,[15]
PSICOLEG,[17]
PSICOLINGUISTA,[15]
PSICOLOGO,"[12, 13, 14, 15, 16, 18, 20]"
PSICOMETRA,[15]
PSICOPATOLOGO,[15]
PSICOPEDAGOGO,"[18, 12, 13, 15]"
PSICOSOCIOLOGO,[15]
PSICOTECNICO,[15]
PSICOTERAPEUTA,"[18, 12, 13, 15]"
PSIQUIATRA,"[12, 13, 14, 15, 18, 20]"
PTERIDOLOGO,[15]
PUBLICISTA,"[12, 13, 14, 15, 16, 17, 18]"
PUBLICITARIO,"[12, 13, 15, 18, 20]"
PUERICULTOR,"[18, 12, 13, 15]"
PUESTERO,[15]
PUGIL,[15]
PUGILISTA,[15]
PULIDOR,"[16, 14, 15]"
PULPERO,[15]
PULVERIZADOR,"[14, 15]"
PUNALERO,[15]
PUNTIADOR,[14]
PUNTILLERO,[15]
PUNZONADOR,[15]
PUPILERO,[15]
PURERO,[15]
QUESERO,[15]
QUILATADOR,[15]
QUIMIC,[17]
QUIMICO,"[12, 13, 14, 15, 16, 18, 20]"
QUINCALLERO,"[19, 15]"
QUINESIOLOGO,[15]
QUINQUILLERO,[19]
QUINTERO,"[19, 15]"
QUIOSQUERO,[15]
QUIROMANTE,[15]
QUIROMANTICO,[15]
QUIROMASAJISTA,[15]
QUIROPRACTICO,"[12, 13, 14, 15, 18]"
RABANERO,[15]
RABDOMANTICO,[15]
RABELERO,[15]
RABINO,[15]
RACIONERO,[15]
RADARISTA,[15]
RADIESTESISTA,[15]
RADIO OPERADOR,[15]
RADIOASTRONOMO,"[18, 12, 15]"
RADIOBIOLOGO,[15]
RADIOFONISTA,"[18, 12, 13, 15]"
RADIOGRAFO,[14]
RADIOLOGO,"[12, 13, 14, 15, 18]"
RADIONAVEGANTE,[15]
RADIOTECNICO,"[18, 12, 13, 15]"
RADIOTELEFONISTA,"[18, 12, 13, 15]"
RADIOTELEGRAFISTA,"[18, 12, 13, 15]"
RADIOTERAPEUTA,"[18, 12, 13, 15]"
RAMILLETERO,[15]
RANCHERO,[15]
RAPADOR,[15]
RAPSODA,[15]
RAPSODISTA,[15]
RAQUETERO,[15]
RAQUETISTA,"[11, 15]"
RASADOR,[15]
RASCADOR,[15]
RASPADOR,[15]
RASPALLAIRE,[17]
RASQUETEADOR,[11]
RASTRILLADOR,[15]
RASURADOR,[15]
REALIZADOR,[15]
REASEGURADOR,[15]
REBABADOR,[15]
REBAJADOR,[15]
REBANADOR,[15]
REBOSTERO,[15]
REBUSCADOR,[15]
RECADERO,"[11, 19, 15]"
RECADISTA,"[16, 11, 15]"
RECALCADOR,[15]
RECAPTADOR,[17]
RECAUCHUTADOR,[15]
RECAUDADOR,"[16, 19, 14, 15]"
RECENSOR,[15]
RECEPCIONISTA,"[12, 14, 15, 16, 17]"
RECEPTOR,[15]
RECITADOR,[15]
RECLUTADOR,[15]
RECOGEDOR,"[16, 15]"
RECOGEPELOTAS,[15]
RECOLECTOR,"[14, 15]"
RECOLLIDOR,[17]
RECONSTRUCTOR,[15]
RECOPILADOR,[15]
RECORTADOR,[15]
RECOVERO,[15]
RECREACIONISTA,[14]
RECRIADOR,[15]
RECTIFICADOR,[15]
RECTOR,"[18, 13, 14, 15]"
RECUERO,[15]
RECUPERADOR,[14]
REDACTOR,"[20, 14, 15]"
REDERO,"[11, 15]"
REFECTOLERO,[15]
REFERENCISTA,[14]
REFERENDARIO,[15]
REFINADOR,"[14, 15]"
REFITOLERO,[15]
REFLEXOLOGO,[14]
REFLEXOTERAPEUTA,[15]
REFRENDARIO,[15]
REGADOR,[15]
REGANTE,[15]
REGATERO,[15]
REGATISTA,[15]
REGENTE,"[14, 15]"
REGIDOR,[15]
REGIONARIO,[15]
REGISTRADOR,"[16, 17, 15]"
REGOLISTA,[15]
REGULADOR,"[14, 15]"
REHABILITADOR,[14]
REHILETERO,[15]
REINA,[15]
REINADOR,[15]
REJERO,"[11, 15]"
REJONEADOR,[15]
RELACIONERO,[15]
RELACIONES PUBLICAS,"[16, 20, 15]"
RELACIONISTA,"[14, 15]"
RELACIONS PUBLIQUES,[17]
RELATOR,"[14, 15]"
RELEVADOR,[15]
RELEVANTE,[14]
RELEVISTA,[15]
RELIGIOSO,[15]
RELLOTGER,[17]
RELOJERO,"[16, 11, 14, 15]"
REMACHADOR,[15]
REMADOR,[15]
REMATANTE,[15]
REMECEDOR,[15]
REMENDADOR,[15]
REMENDON,[15]
REMERO,[15]
REMOLACHERO,[15]
REMOLQUISTA,[15]
REMONTISTA,[15]
RENOVERO,[15]
RENTERO,[15]
RENTISTA,[15]
RENUNCIATARIO,[15]
REOLOGO,[15]
REPARADOR,"[16, 17, 14, 15]"
REPARTIDOR,"[16, 17, 15]"
REPASADOR,[15]
REPENTISTA,[15]
REPETIDOR,[15]
REPLANTEADOR,[15]
REPONEDOR,"[16, 15]"
REPORTERO,"[14, 15]"
REPORTISTA,[15]
REPOSADOR,[17]
REPOSTERO,"[1, 14, 15]"
REPRESENTANT,[17]
REPRESENTANTE,"[16, 14, 15]"
REPROGRAFO,[15]
REPUJADOR,[15]
REQUESONERO,[15]
REQUINTO,[15]
RESENADOR,[15]
RESERO,[15]
RESERVISTA,[15]
RESIDENTE,[15]
RESINERO,"[19, 15]"
RESPONSABLE,[15]
RESTAURADOR,"[11, 20, 14, 15]"
RETABLERO,[15]
RETOCADOR,"[14, 15]"
RETOLISTA,[17]
RETORCEDOR,[15]
RETORICO,[15]
RETRATADOR,[15]
RETRATISTA,"[14, 15]"
REUMATOLOGO,"[14, 15]"
REUNIDOR,[15]
REVECERO,[15]
REVELADOR,"[14, 15]"
REVENDEDERO,[15]
REVENDEDOR,[15]
REVERENDO,[15]
REVESTIDOR,[15]
REVISOR,"[16, 17, 14, 15]"
REVOCADOR,"[14, 15]"
REY,[15]
REZAGADOR,[15]
RIBETEADOR,[15]
RIFADOR,[15]
RIMADOR,[15]
RINOLOGO,[15]
ROGATORIO,[15]
ROMANADOR,[15]
ROMANCERISTA,[15]
ROMANCERO,[15]
ROMANCISTA,[15]
ROMANERO,[15]
ROMANISTA,[15]
ROPAVEJERO,[15]
ROPERO,[15]
ROQUERO,[15]
ROSARIERO,[15]
ROSERO,[15]
ROSQUILLERO,[15]
ROTULADOR,[15]
ROTULISTA,"[16, 1, 14, 15]"
ROZADOR,[15]
RUBRICADOR,[15]
RUBRICISTA,[15]
RUBRIQUISTA,[15]
RUEDERO,[15]
RUMBERO,[15]
SABALERO,[15]
SABATER,[17]
SACADOR,[15]
SACAMUELAS,[15]
SACELARIO,[4]
SACERDOT,[17]
SACERDOTE,"[16, 3, 5, 15]"
SACERDOTISA,[15]
SACRISTAN,"[3, 19, 15]"
SAINETERO,[15]
SAINETISTA,[15]
SALADOR,[15]
SALAZONERO,[15]
SALCHICHERO,[15]
SALDISTA,[15]
SALINERO,"[11, 15]"
SALITRERO,[15]
SALMISTA,[15]
SALMONICULTOR,[15]
SALSERO,[15]
SALTADOR,[15]
SALTATRIZ,[15]
SALTIMBANQUI,[15]
SALVAVIDAS,[14]
SANADOR,[15]
SANGRADOR,"[19, 15]"
SANGUIJOLERO,[15]
SANITARIO,"[18, 13, 15]"
SANSCRITISTA,[15]
SANTERO,[15]
SAQUERO,[15]
SARDINERO,[15]
SARGENTO,"[2, 15]"
SARGENTO MAYOR,[2]
SARGENTO PRIMERO,[2]
SARTENERO,[15]
SASTRE,"[11, 12, 14, 15, 16, 17]"
SASTRESA,[15]
SATINADOR,[15]
SAXOFON,[15]
SAXOFONISTA,[15]
SAZONADOR,[19]
SEBERO,[15]
SECADOR,"[14, 15]"
SECRETARI,[17]
SECRETARIA,"[11, 14]"
SECRETARIO,"[13, 14, 15, 16, 18, 20]"
SEDERO,"[19, 15]"
SEDIMENTOLOGO,[15]
SEGADOR,[15]
SEGURADOR,[15]
SELECCIONADOR,"[14, 15]"
SELLADOR,[15]
SEMANERO,[15]
SEMANTISTA,[15]
SEMINARISTA,[5]
SEMIOLOGO,[15]
SEMIOTICO,[15]
SEMITISTA,[15]
SEMOLERO,[15]
SENADOR,[15]
SENALERO,[15]
SENOLOGO,[15]
SEPULTURERO,[15]
SERENO,"[11, 19, 15]"
SERICICULTOR,[15]
SERICULTOR,[15]
SERIGRAFISTA,"[14, 15]"
SERONERO,"[19, 15]"
SERRADOR,[15]
SERTIDOR,[15]
SERVIDOR,[15]
SETERO,[19]
SEXADOR,"[14, 15]"
SEXOLOGO,"[18, 12, 13, 15]"
SIDRERO,[15]
SIERVO,[15]
SIFILOGRAFO,[15]
SIGILOGRAFO,[15]
SIGNATARIO,[15]
SILERO,[15]
SILLERO,"[19, 15]"
SILVICULTOR,[15]
SIMPLISTA,[15]
SINARCA,[15]
SINCRONIZADOR,[14]
SINDICO,[15]
SINFONISTA,[15]
SINOLOGO,[15]
SIRVIENTA,[1]
SIRVIENTE,[15]
SISERO,[15]
SISMOLOGO,"[12, 13, 14, 15, 18]"
SOBADOR,[15]
SOBERANO,[15]
SOBRANCERO,[15]
SOBRECARGO,"[14, 15]"
SOBREGUARDA,[15]
SOBRERO,[15]
SOBRESTANTE,[15]
SOCHANTRE,[15]
SOCIOLEG,[17]
SOCIOLINGUISTA,[15]
SOCIOLOGO,"[12, 13, 14, 15, 16, 18, 20]"
SOCORRISTA,"[12, 14, 15, 16, 20]"
SOFROLOGO,[15]
SOGUERO,"[19, 15]"
SOLADOR,"[16, 14, 15]"
SOLDADO,"[2, 12, 15]"
SOLDADO DE PRIMERA,[2]
SOLDADO PRIMERO,[2]
SOLDADOR,"[16, 17, 14, 15]"
SOLETERO,[15]
SOLFISTA,[15]
SOLISTA,[15]
SOLLASTRE,[15]
SOMBRERERO,"[11, 14, 15, 16, 19]"
SOMMELIER,[14]
SONDISTA,"[16, 17, 14, 15]"
SONETISTA,[15]
SOPLADOR,"[16, 11, 15]"
SOPRANO,[15]
SOR,[5]
SORTEADOR,[15]
SORTERO,[15]
SOTAMONTERO,[15]
SOTSOFICIAL,[17]
STARETS,[4]
STEWARD,[14]
SUAVIZADOR,[15]
SUBALTERNO,[15]
SUBARRENDATARIO,[15]
SUBASTADOR,"[11, 15]"
SUBASTERO,[15]
SUBCAMPEON,[15]
SUBCOMANDANTE,[14]
SUBCOMENDADOR,[15]
SUBCONSERVADOR,[15]
SUBDELEGADO,"[18, 13, 15]"
SUBDIACONO,[4]
SUBDIRECTOR,"[18, 13, 14, 15]"
SUBEJECUTOR,[15]
SUBFIADOR,[15]
SUBGERENTE,[14]
SUBGOBERNADOR,[15]
SUBINSPECTOR,[15]
SUBINTENDENTE,[15]
SUBJEFE,[15]
SUBMARINISTA,[15]
SUBOFICIAL,"[16, 17, 15]"
SUBOFICIAL MAYOR,[2]
SUBPREFECTO,[15]
SUBRIGADIER,[15]
SUBSECRETARIO,"[18, 13, 15]"
SUBTENIENTE,"[2, 15]"
SULFATADOR,[15]
SULTAN,[15]
SUMILLER,[15]
SUMINISTRADOR,[15]
SUMISTA,[15]
SUPERFICIARIO,[15]
SUPERINTENDENTE,"[14, 15]"
SUPERIOR,[15]
SUPERNUMERARIO,[15]
SUPERVISOR,"[16, 17, 14]"
SUPERVISORA,[15]
SUPLENTA,[15]
SUPLENTE,[15]
SUPLICACIONERO,[15]
SUPRIOR,[15]
SURFISTA,[15]
SUSTANCIADOR,[14]
TABACALERO,[15]
TABAQUERO,[15]
TABAQUISTA,[15]
TABERNERO,[15]
TABLAJERO,"[19, 15]"
TABLERO,[15]
TAEKWONDISTA,[15]
TAFILETERO,[15]
TALABARTERO,"[19, 14, 15]"
TALADOR,"[14, 15]"
TALADRADOR,[15]
TALADRERO,[14]
TALADRISTA,[15]
TALLADOR,"[17, 14, 15]"
TALLISTA,"[11, 15]"
TALMUDISTA,[15]
TAMBOR,[15]
TAMBORERO,[15]
TAMBORILERO,[15]
TANATOLOGO,[14]
TANATOPRACTOR,[15]
TANEDOR,[15]
TANGUERO,[15]
TANQUERO,[14]
TAPIADOR,[15]
TAPICERO,"[16, 14, 15]"
TAPISSER,[17]
TAPONADOR,[15]
TAPONERO,[15]
TAQUIGRAFO,[15]
TAQUILLER,[17]
TAQUILLERO,"[16, 14, 15]"
TAQUIMECANOGRAFO,[15]
TARACEADOR,[15]
TARJADOR,[14]
TAROTISTA,[15]
TARTANERO,[15]
TASADOR,"[16, 15]"
TATUADOR,[15]
TATUISTA,[14]
TAUMATURGO,[15]
TAXADOR,[17]
TAXIDERMISTA,"[1, 14, 15]"
TAXISTA,"[11, 12, 15, 16, 17]"
TAXONOMISTA,"[14, 15]"
TAXONOMO,[15]
TECHADOR,"[14, 15]"
TECLISTA,[15]
TECNIC,[17]
TECNICO,"[13, 14, 15, 16, 18, 20]"
TECNOCRATA,[15]
TECNOLOGO,[14]
TECTONICO,[15]
TEJADOR,[15]
TEJEDOR,"[19, 14, 15]"
TEJERO,"[11, 19, 15]"
TELARISTA,[15]
TELEFONISTA,"[11, 12, 13, 14, 15, 16, 17, 18]"
TELEGRAFISTA,"[11, 15]"
TELEMERCADERISTA,[14]
TELEOPERADOR,"[16, 17, 14]"
TELERECEPCIONISTA,[14]
TELETIPISTA,[15]
TELEVENDEDOR,"[14, 15]"
TELONERO,[15]
TEMPLADOR,[15]
TEMPLISTA,[15]
TEMPORERO,[15]
TENDEDOR,[15]
TENDERO,"[19, 15]"
TENECERO,[15]
TENEDOR,"[16, 14, 15]"
TENIDOR,"[17, 14, 15]"
TENIENTE,"[2, 15]"
TENIENTE CORONEL,"[2, 15]"
TENIENTE DE CORBETA,[2]
TENIENTE DE FRAGATA,[2]
TENIENTE DE NAVIO,[2]
TENIENTE GENERAL,"[2, 15]"
TENIENTE SEGUNDO,[2]
TENISTA,[15]
TENOR,[15]
TEOLOGO,"[18, 12, 13, 15]"
TEOSOFO,[15]
TERAPEUTA,"[12, 13, 14, 15, 16, 17, 18]"
TERAPISTA,[14]
TERCERISTA,[15]
TERCIARIO,[15]
TERCIOPELERO,[15]
TERMATOLOGO,[15]
TERMINADOR,"[14, 15]"
TERMINOGRAFO,[15]
TERMINOLOGISTA,[14]
TERMINOLOGO,[15]
TERRAPLENISTA,[15]
TERRAZGUERO,[15]
TERRISSAIRE,[17]
TESINANDO,[15]
TESORERO,"[14, 15]"
TESTADOR,[15]
TESTAFERRO,[15]
TESTAMENTARIO,[15]
TETRARCA,[15]
TEXTUALISTA,[15]
TIBLE,[15]
TIFLOLOGO,[15]
TIMBALERO,[15]
TIMBROLOGO,[15]
TIMONEL,"[14, 15]"
TIMONERO,"[14, 15]"
TINAJERO,"[19, 15]"
TINELERO,[15]
TINTORERO,"[1, 11, 14, 15, 19]"
TINTURERO,"[16, 14]"
TIPOGRAFO,"[11, 14, 15]"
TIPOLOGO,[15]
TIRADOR,[15]
TIRONERO,[15]
TISIOLOGO,[15]
TITIRITERO,[15]
TITULADO,[15]
TOCINERO,[15]
TOCOGINECOLOGO,"[18, 12, 13, 15]"
TOCOLOGO,"[18, 12, 13, 15]"
TOGADO,[15]
TOLVERO,[14]
TOMADOR,[15]
TOMATERO,[15]
TOMILLERO,[15]
TONELERO,"[1, 15]"
TOPARCA,[15]
TOPIQUERO,[15]
TOPOGRAF,[17]
TOPOGRAFO,"[16, 20, 14, 15]"
TOPOLOGO,[15]
TOQUERO,[15]
TORCEDOR,"[14, 15]"
TOREADOR,[15]
TORER,[17]
TORERO,"[16, 15]"
TORNEADOR,[15]
TORNERA,[19]
TORNERO,"[1, 11, 14, 15, 19]"
TORPEDISTA,[15]
TORREFACTOR,[15]
TORRERO,"[19, 15]"
TOSTADOR,[15]
TOXICOLOGO,"[12, 13, 14, 15, 18]"
TRABAJADOR,"[20, 14, 15]"
TRACTORISTA,"[14, 15]"
TRADICIONISTA,[15]
TRADUCTOR,"[12, 13, 14, 15, 16, 17, 18, 20]"
TRAFICANTE,"[19, 15]"
TRAGASABLES,[15]
TRAGICO,[15]
TRAINERO,[15]
TRAMADOR,[15]
TRAMITADOR,[15]
TRAMOYISTA,[15]
TRAMPERO,[15]
TRANSCRIPTOR,"[12, 13, 14, 15, 18]"
TRANSFERISTA,[15]
TRANSFORMADOR,[15]
TRANSFORMISTA,[15]
TRANSITARIO,[15]
TRANSPORTADOR,[15]
TRANSPORTISTA,[15]
TRANVIARIO,[15]
TRAPECISTA,[15]
TRAPERO,"[19, 15]"
TRAPICHERO,"[14, 15]"
TRAQUERO,[15]
TRASLADADOR,[14]
TRASQUILADOR,[15]
TRASTEADOR,[15]
TRATADISTA,[15]
TRATANTE,[15]
TRAUMATOLOGO,"[18, 12, 13, 15]"
TRAZADOR,"[14, 15]"
TREBALLADOR,[17]
TREFILADOR,[15]
TRENZADOR,[15]
TREPADORA,[15]
TRESILLISTA,[15]
TRIAQUERO,[15]
TRIATLETA,[15]
TRIBUTARIO,[15]
TRIGUERO,[15]
TRILLADOR,[15]
TRIPERO,[15]
TRIPULANTE,"[14, 15]"
TRITURADOR,[15]
TRIUNVIRO,[15]
TROFOLOGO,[15]
TROJERO,[15]
TROMBON,[15]
TROMBONISTA,[15]
TROMPA,[15]
TROMPERO,[15]
TROMPETERO,[15]
TROMPETISTA,[15]
TRONQUISTA,[15]
TRONZADOR,"[16, 15]"
TROPA,"[16, 2]"
TROQUELADOR,"[14, 15]"
TROQUELISTA,"[11, 14]"
TROSSEJADOR,[17]
TROVADOR,[15]
TROVERO,[15]
TROZADOR,"[14, 15]"
TRUCHERO,[15]
TRUFERO,[15]
TRUFICULTOR,"[11, 15]"
TRUQUERO,[15]
TUBA,[15]
TUBERISTA,[15]
TUBERO,[15]
TUMBADOR,[15]
TUNDIDOR,"[19, 15]"
TUNO,[15]
TURIFERARIO,[15]
TURRONERO,[15]
TUTOR,"[18, 13, 15]"
UFOLOGO,[15]
UJIER,[15]
URANOGRAFO,[15]
URBANISTA,"[16, 17, 14, 15]"
URBANIZADOR,[15]
URDIDOR,"[14, 15]"
UROLOGO,"[12, 13, 14, 15, 18]"
USUARIO,[15]
USURARIO,[15]
UTILERO,[15]
UTILLERO,[15]
UVERO,[15]
VACIADOR,[15]
VACIERO,[15]
VACUNADOR,[15]
VADEADOR,[15]
VAINERO,[15]
VAINIQUERO,[15]
VALEDOR,[15]
VALLISTA,[15]
VAQUERIZO,[15]
VAQUERO,"[11, 15]"
VARADERO,[15]
VAREADOR,[15]
VARILARGUERO,[15]
VARITERO,[15]
VASCOLOGO,[15]
VECERO,[15]
VEDETTE,[15]
VEDIJERO,[15]
VEEDOR,[15]
VEGUERO,[15]
VELERO,"[19, 15]"
VELLONERO,[15]
VELOCIPEDISTA,[15]
VELOCISTA,[15]
VELONERO,[15]
VENDEDOR,"[1, 11, 12, 14, 15, 16]"
VENDIMIADOR,[15]
VENEDOR,[17]
VENENCIADOR,[15]
VENERABLE,[15]
VENEREOLOGO,[15]
VENTANERO,[15]
VENTERO,[15]
VENTRILOCUO,[15]
VERBENERO,[15]
VERDUGO,"[19, 15]"
VERDULERO,[15]
VEREDERO,[15]
VERIFICADOR,[15]
VERSIFICADOR,[15]
VERSISTA,[15]
VERSOLARI,[15]
VETERINARI,[17]
VETERINARIO,"[12, 13, 14, 15, 16, 18, 20]"
VEXILOLOGO,[15]
VIAJANTE,"[11, 15]"
VICARIO,"[4, 5, 15]"
VICEALMIRANTE,"[2, 15]"
VICECANCILLER,[15]
VICECONSILIARIO,[15]
VICECONSUL,[15]
VICEDECANO,"[18, 13, 15]"
VICEDIRECTOR,"[18, 13, 15]"
VICEGERENTE,"[18, 13, 15]"
VICEGOBERNADOR,[15]
VICEJEFE,[15]
VICEPRESIDENTE,"[18, 13, 14, 15]"
VICEPROVINCIAL,[15]
VICERRECTOR,"[18, 13, 14, 15]"
VICESECRETARIA,[15]
VICESECRETARIO,"[18, 13]"
VICETESORERO,[15]
VIDENTE,[15]
VIDRIER,[17]
VIDRIERO,"[11, 19, 14, 15]"
VIGIA,[15]
VIGILANT,[17]
VIGILANTE,"[16, 15]"
VIHUELISTA,[15]
VINADERO,[15]
VINADOR,[15]
VINAGRERO,[15]
VINATERO,"[19, 15]"
VINERO,[15]
VINICULTOR,[15]
VIOLA,[15]
VIOLAGAMBISTA,[15]
VIOLERO,[15]
VIOLETERO,[15]
VIOLIN,[15]
VIOLINISTA,[15]
VIOLISTA,[15]
VIOLONCELISTA,[15]
VIOLONCELO,[15]
VIOLONCHELISTA,[15]
VIOLONCHELO,[15]
VIRGINALISTA,[15]
VIROLOGO,"[12, 13, 14, 15, 18]"
VIRREINA,[15]
VIRREY,[15]
VISITADOR,"[14, 15]"
VISTA,[15]
VITICULTOR,"[18, 12, 13, 15]"
VITIVINICULTOR,[15]
VITRALERO,[15]
VIVANDERO,[15]
VIVERISTA,"[14, 15]"
VIZCONDE,[15]
VOCABULISTA,[15]
VOCALISTA,[15]
VOCERO,"[14, 15]"
VOLATERO,[15]
VOLATINERO,[15]
VOLQUETERO,[15]
VOLTEADOR,[15]
VULCANISTA,[15]
VULCANIZADOR,"[14, 15]"
VULCANOLOGO,"[12, 13, 14, 15, 18]"
WATERPOLISTA,[15]
WEBMASTER,[14]
WINCHERO,[14]
WINDSURFISTA,[15]
XEF,[17]
XEROGRAFO,[15]
XILOFONISTA,[15]
XILOGRAFO,"[18, 12, 13, 15]"
YACEDOR,[15]
YEGUERIZO,[15]
YEGUERO,[15]
YESERO,"[19, 14, 15]"
YESISTA,[15]
YESQUERO,[15]
YOGUI,[15]
YOGURTERO,[15]
YUDOCA,[15]
YUNTERO,[15]
ZABARCERO,[15]
ZAFRERO,[15]
ZAGAL,[15]
ZAHORI,[15]
ZAPADOR,[15]
ZAPATERO,"[1, 11, 14, 15, 16, 19]"
ZAPATILLERO,[15]
ZAR,[15]
ZARANDADOR,[15]
ZARCERO,[15]
ZARINA,[15]
ZARZUELISTA,[15]
ZINCADOR,[15]
ZOOGEOGRAFO,[15]
ZOOLEG,[17]
ZOOLOGO,"[12, 13, 14, 15, 16, 18]"
ZOOPATOLOGO,[15]
ZOOTECNICO,"[18, 12, 13, 15]"
ZOOTECNISTA,[14]
ZORZALERO,[15]
ZUEQUERO,[15]
ZURCIDOR,[15]
ZURRADOR,[15]
ZURRONERO,[15]
